REGION,TECHNOLOGY,YEAR,VALUE
GLOBAL,PWRCSPINDEA,2023,79.1002
GLOBAL,PWRCSPINDEA,2024,79.1002
GLOBAL,PWRCSPINDEA,2025,79.1002
GLOBAL,PWRCSPINDEA,2026,79.1002
GLOBAL,PWRCSPINDEA,2027,79.1002
GLOBAL,PWRCSPINDEA,2028,79.1002
GLOBAL,PWRCSPINDEA,2029,79.1002
GLOBAL,PWRCSPINDEA,2030,79.1002
GLOBAL,PWRCSPINDEA,2031,79.1002
GLOBAL,PWRCSPINDEA,2032,79.1002
GLOBAL,PWRCSPINDEA,2033,79.1002
GLOBAL,PWRCSPINDEA,2034,79.1002
GLOBAL,PWRCSPINDEA,2035,79.1002
GLOBAL,PWRCSPINDEA,2036,79.1002
GLOBAL,PWRCSPINDEA,2037,79.1002
GLOBAL,PWRCSPINDEA,2038,79.1002
GLOBAL,PWRCSPINDEA,2039,79.1002
GLOBAL,PWRCSPINDEA,2040,79.1002
GLOBAL,PWRCSPINDEA,2041,79.1002
GLOBAL,PWRCSPINDEA,2042,79.1002
GLOBAL,PWRCSPINDEA,2043,79.1002
GLOBAL,PWRCSPINDEA,2044,79.1002
GLOBAL,PWRCSPINDEA,2045,79.1002
GLOBAL,PWRCSPINDEA,2046,79.1002
GLOBAL,PWRCSPINDEA,2047,79.1002
GLOBAL,PWRCSPINDEA,2048,79.1002
GLOBAL,PWRCSPINDEA,2049,79.1002
GLOBAL,PWRCSPINDEA,2050,79.1002
GLOBAL,PWRCSPINDNE,2023,49.6002
GLOBAL,PWRCSPINDNE,2024,49.6002
GLOBAL,PWRCSPINDNE,2025,49.6002
GLOBAL,PWRCSPINDNE,2026,49.6002
GLOBAL,PWRCSPINDNE,2027,49.6002
GLOBAL,PWRCSPINDNE,2028,49.6002
GLOBAL,PWRCSPINDNE,2029,49.6002
GLOBAL,PWRCSPINDNE,2030,49.6002
GLOBAL,PWRCSPINDNE,2031,49.6002
GLOBAL,PWRCSPINDNE,2032,49.6002
GLOBAL,PWRCSPINDNE,2033,49.6002
GLOBAL,PWRCSPINDNE,2034,49.6002
GLOBAL,PWRCSPINDNE,2035,49.6002
GLOBAL,PWRCSPINDNE,2036,49.6002
GLOBAL,PWRCSPINDNE,2037,49.6002
GLOBAL,PWRCSPINDNE,2038,49.6002
GLOBAL,PWRCSPINDNE,2039,49.6002
GLOBAL,PWRCSPINDNE,2040,49.6002
GLOBAL,PWRCSPINDNE,2041,49.6002
GLOBAL,PWRCSPINDNE,2042,49.6002
GLOBAL,PWRCSPINDNE,2043,49.6002
GLOBAL,PWRCSPINDNE,2044,49.6002
GLOBAL,PWRCSPINDNE,2045,49.6002
GLOBAL,PWRCSPINDNE,2046,49.6002
GLOBAL,PWRCSPINDNE,2047,49.6002
GLOBAL,PWRCSPINDNE,2048,49.6002
GLOBAL,PWRCSPINDNE,2049,49.6002
GLOBAL,PWRCSPINDNE,2050,49.6002
GLOBAL,PWRCSPINDNO,2023,191.3557
GLOBAL,PWRCSPINDNO,2024,191.3557
GLOBAL,PWRCSPINDNO,2025,191.3557
GLOBAL,PWRCSPINDNO,2026,191.3557
GLOBAL,PWRCSPINDNO,2027,191.3557
GLOBAL,PWRCSPINDNO,2028,191.3557
GLOBAL,PWRCSPINDNO,2029,191.3557
GLOBAL,PWRCSPINDNO,2030,191.3557
GLOBAL,PWRCSPINDNO,2031,191.3557
GLOBAL,PWRCSPINDNO,2032,191.3557
GLOBAL,PWRCSPINDNO,2033,191.3557
GLOBAL,PWRCSPINDNO,2034,191.3557
GLOBAL,PWRCSPINDNO,2035,191.3557
GLOBAL,PWRCSPINDNO,2036,191.3557
GLOBAL,PWRCSPINDNO,2037,191.3557
GLOBAL,PWRCSPINDNO,2038,191.3557
GLOBAL,PWRCSPINDNO,2039,191.3557
GLOBAL,PWRCSPINDNO,2040,191.3557
GLOBAL,PWRCSPINDNO,2041,191.3557
GLOBAL,PWRCSPINDNO,2042,191.3557
GLOBAL,PWRCSPINDNO,2043,191.3557
GLOBAL,PWRCSPINDNO,2044,191.3557
GLOBAL,PWRCSPINDNO,2045,191.3557
GLOBAL,PWRCSPINDNO,2046,191.3557
GLOBAL,PWRCSPINDNO,2047,191.3557
GLOBAL,PWRCSPINDNO,2048,191.3557
GLOBAL,PWRCSPINDNO,2049,191.3557
GLOBAL,PWRCSPINDNO,2050,191.3557
GLOBAL,PWRCSPINDSO,2023,120.3002
GLOBAL,PWRCSPINDSO,2024,120.3002
GLOBAL,PWRCSPINDSO,2025,120.3002
GLOBAL,PWRCSPINDSO,2026,120.3002
GLOBAL,PWRCSPINDSO,2027,120.3002
GLOBAL,PWRCSPINDSO,2028,120.3002
GLOBAL,PWRCSPINDSO,2029,120.3002
GLOBAL,PWRCSPINDSO,2030,120.3002
GLOBAL,PWRCSPINDSO,2031,120.3002
GLOBAL,PWRCSPINDSO,2032,120.3002
GLOBAL,PWRCSPINDSO,2033,120.3002
GLOBAL,PWRCSPINDSO,2034,120.3002
GLOBAL,PWRCSPINDSO,2035,120.3002
GLOBAL,PWRCSPINDSO,2036,120.3002
GLOBAL,PWRCSPINDSO,2037,120.3002
GLOBAL,PWRCSPINDSO,2038,120.3002
GLOBAL,PWRCSPINDSO,2039,120.3002
GLOBAL,PWRCSPINDSO,2040,120.3002
GLOBAL,PWRCSPINDSO,2041,120.3002
GLOBAL,PWRCSPINDSO,2042,120.3002
GLOBAL,PWRCSPINDSO,2043,120.3002
GLOBAL,PWRCSPINDSO,2044,120.3002
GLOBAL,PWRCSPINDSO,2045,120.3002
GLOBAL,PWRCSPINDSO,2046,120.3002
GLOBAL,PWRCSPINDSO,2047,120.3002
GLOBAL,PWRCSPINDSO,2048,120.3002
GLOBAL,PWRCSPINDSO,2049,120.3002
GLOBAL,PWRCSPINDSO,2050,120.3002
GLOBAL,PWRCSPINDWE,2023,179.8002
GLOBAL,PWRCSPINDWE,2024,179.8002
GLOBAL,PWRCSPINDWE,2025,179.8002
GLOBAL,PWRCSPINDWE,2026,179.8002
GLOBAL,PWRCSPINDWE,2027,179.8002
GLOBAL,PWRCSPINDWE,2028,179.8002
GLOBAL,PWRCSPINDWE,2029,179.8002
GLOBAL,PWRCSPINDWE,2030,179.8002
GLOBAL,PWRCSPINDWE,2031,179.8002
GLOBAL,PWRCSPINDWE,2032,179.8002
GLOBAL,PWRCSPINDWE,2033,179.8002
GLOBAL,PWRCSPINDWE,2034,179.8002
GLOBAL,PWRCSPINDWE,2035,179.8002
GLOBAL,PWRCSPINDWE,2036,179.8002
GLOBAL,PWRCSPINDWE,2037,179.8002
GLOBAL,PWRCSPINDWE,2038,179.8002
GLOBAL,PWRCSPINDWE,2039,179.8002
GLOBAL,PWRCSPINDWE,2040,179.8002
GLOBAL,PWRCSPINDWE,2041,179.8002
GLOBAL,PWRCSPINDWE,2042,179.8002
GLOBAL,PWRCSPINDWE,2043,179.8002
GLOBAL,PWRCSPINDWE,2044,179.8002
GLOBAL,PWRCSPINDWE,2045,179.8002
GLOBAL,PWRCSPINDWE,2046,179.8002
GLOBAL,PWRCSPINDWE,2047,179.8002
GLOBAL,PWRCSPINDWE,2048,179.8002
GLOBAL,PWRCSPINDWE,2049,179.8002
GLOBAL,PWRCSPINDWE,2050,179.8002
GLOBAL,PWRHYDBGDXX,2023,0.8302
GLOBAL,PWRHYDBGDXX,2024,0.8302
GLOBAL,PWRHYDBGDXX,2025,0.8302
GLOBAL,PWRHYDBGDXX,2026,0.8302
GLOBAL,PWRHYDBGDXX,2027,0.8302
GLOBAL,PWRHYDBGDXX,2028,0.8302
GLOBAL,PWRHYDBGDXX,2029,0.8302
GLOBAL,PWRHYDBGDXX,2030,0.8302
GLOBAL,PWRHYDBGDXX,2031,0.8302
GLOBAL,PWRHYDBGDXX,2032,0.8302
GLOBAL,PWRHYDBGDXX,2033,0.8302
GLOBAL,PWRHYDBGDXX,2034,0.8302
GLOBAL,PWRHYDBGDXX,2035,0.8302
GLOBAL,PWRHYDBGDXX,2036,0.8302
GLOBAL,PWRHYDBGDXX,2037,0.8302
GLOBAL,PWRHYDBGDXX,2038,0.8302
GLOBAL,PWRHYDBGDXX,2039,0.8302
GLOBAL,PWRHYDBGDXX,2040,0.8302
GLOBAL,PWRHYDBGDXX,2041,0.8302
GLOBAL,PWRHYDBGDXX,2042,0.8302
GLOBAL,PWRHYDBGDXX,2043,0.8302
GLOBAL,PWRHYDBGDXX,2044,0.8302
GLOBAL,PWRHYDBGDXX,2045,0.8302
GLOBAL,PWRHYDBGDXX,2046,0.8302
GLOBAL,PWRHYDBGDXX,2047,0.8302
GLOBAL,PWRHYDBGDXX,2048,0.8302
GLOBAL,PWRHYDBGDXX,2049,0.8302
GLOBAL,PWRHYDBGDXX,2050,0.8302
GLOBAL,PWRHYDBTNXX,2023,30.4902
GLOBAL,PWRHYDBTNXX,2024,30.4902
GLOBAL,PWRHYDBTNXX,2025,30.4902
GLOBAL,PWRHYDBTNXX,2026,30.4902
GLOBAL,PWRHYDBTNXX,2027,30.4902
GLOBAL,PWRHYDBTNXX,2028,30.4902
GLOBAL,PWRHYDBTNXX,2029,30.4902
GLOBAL,PWRHYDBTNXX,2030,30.4902
GLOBAL,PWRHYDBTNXX,2031,30.4902
GLOBAL,PWRHYDBTNXX,2032,30.4902
GLOBAL,PWRHYDBTNXX,2033,30.4902
GLOBAL,PWRHYDBTNXX,2034,30.4902
GLOBAL,PWRHYDBTNXX,2035,30.4902
GLOBAL,PWRHYDBTNXX,2036,30.4902
GLOBAL,PWRHYDBTNXX,2037,30.4902
GLOBAL,PWRHYDBTNXX,2038,30.4902
GLOBAL,PWRHYDBTNXX,2039,30.4902
GLOBAL,PWRHYDBTNXX,2040,30.4902
GLOBAL,PWRHYDBTNXX,2041,30.4902
GLOBAL,PWRHYDBTNXX,2042,30.4902
GLOBAL,PWRHYDBTNXX,2043,30.4902
GLOBAL,PWRHYDBTNXX,2044,30.4902
GLOBAL,PWRHYDBTNXX,2045,30.4902
GLOBAL,PWRHYDBTNXX,2046,30.4902
GLOBAL,PWRHYDBTNXX,2047,30.4902
GLOBAL,PWRHYDBTNXX,2048,30.4902
GLOBAL,PWRHYDBTNXX,2049,30.4902
GLOBAL,PWRHYDBTNXX,2050,30.4902
GLOBAL,PWRHYDINDEA,2023,25.9922
GLOBAL,PWRHYDINDEA,2024,25.9922
GLOBAL,PWRHYDINDEA,2025,25.9922
GLOBAL,PWRHYDINDEA,2026,25.9922
GLOBAL,PWRHYDINDEA,2027,25.9922
GLOBAL,PWRHYDINDEA,2028,25.9922
GLOBAL,PWRHYDINDEA,2029,25.9922
GLOBAL,PWRHYDINDEA,2030,25.9922
GLOBAL,PWRHYDINDEA,2031,25.9922
GLOBAL,PWRHYDINDEA,2032,25.9922
GLOBAL,PWRHYDINDEA,2033,25.9922
GLOBAL,PWRHYDINDEA,2034,25.9922
GLOBAL,PWRHYDINDEA,2035,25.9922
GLOBAL,PWRHYDINDEA,2036,25.9922
GLOBAL,PWRHYDINDEA,2037,25.9922
GLOBAL,PWRHYDINDEA,2038,25.9922
GLOBAL,PWRHYDINDEA,2039,25.9922
GLOBAL,PWRHYDINDEA,2040,25.9922
GLOBAL,PWRHYDINDEA,2041,25.9922
GLOBAL,PWRHYDINDEA,2042,25.9922
GLOBAL,PWRHYDINDEA,2043,25.9922
GLOBAL,PWRHYDINDEA,2044,25.9922
GLOBAL,PWRHYDINDEA,2045,25.9922
GLOBAL,PWRHYDINDEA,2046,25.9922
GLOBAL,PWRHYDINDEA,2047,25.9922
GLOBAL,PWRHYDINDEA,2048,25.9922
GLOBAL,PWRHYDINDEA,2049,25.9922
GLOBAL,PWRHYDINDEA,2050,25.9922
GLOBAL,PWRHYDINDNE,2023,202.6312
GLOBAL,PWRHYDINDNE,2024,202.6312
GLOBAL,PWRHYDINDNE,2025,202.6312
GLOBAL,PWRHYDINDNE,2026,202.6312
GLOBAL,PWRHYDINDNE,2027,202.6312
GLOBAL,PWRHYDINDNE,2028,202.6312
GLOBAL,PWRHYDINDNE,2029,202.6312
GLOBAL,PWRHYDINDNE,2030,202.6312
GLOBAL,PWRHYDINDNE,2031,202.6312
GLOBAL,PWRHYDINDNE,2032,202.6312
GLOBAL,PWRHYDINDNE,2033,202.6312
GLOBAL,PWRHYDINDNE,2034,202.6312
GLOBAL,PWRHYDINDNE,2035,202.6312
GLOBAL,PWRHYDINDNE,2036,202.6312
GLOBAL,PWRHYDINDNE,2037,202.6312
GLOBAL,PWRHYDINDNE,2038,202.6312
GLOBAL,PWRHYDINDNE,2039,202.6312
GLOBAL,PWRHYDINDNE,2040,202.6312
GLOBAL,PWRHYDINDNE,2041,202.6312
GLOBAL,PWRHYDINDNE,2042,202.6312
GLOBAL,PWRHYDINDNE,2043,202.6312
GLOBAL,PWRHYDINDNE,2044,202.6312
GLOBAL,PWRHYDINDNE,2045,202.6312
GLOBAL,PWRHYDINDNE,2046,202.6312
GLOBAL,PWRHYDINDNE,2047,202.6312
GLOBAL,PWRHYDINDNE,2048,202.6312
GLOBAL,PWRHYDINDNE,2049,202.6312
GLOBAL,PWRHYDINDNE,2050,202.6312
GLOBAL,PWRHYDINDNO,2023,183.8822
GLOBAL,PWRHYDINDNO,2024,183.8822
GLOBAL,PWRHYDINDNO,2025,183.8822
GLOBAL,PWRHYDINDNO,2026,183.8822
GLOBAL,PWRHYDINDNO,2027,183.8822
GLOBAL,PWRHYDINDNO,2028,183.8822
GLOBAL,PWRHYDINDNO,2029,183.8822
GLOBAL,PWRHYDINDNO,2030,183.8822
GLOBAL,PWRHYDINDNO,2031,183.8822
GLOBAL,PWRHYDINDNO,2032,183.8822
GLOBAL,PWRHYDINDNO,2033,183.8822
GLOBAL,PWRHYDINDNO,2034,183.8822
GLOBAL,PWRHYDINDNO,2035,183.8822
GLOBAL,PWRHYDINDNO,2036,183.8822
GLOBAL,PWRHYDINDNO,2037,183.8822
GLOBAL,PWRHYDINDNO,2038,183.8822
GLOBAL,PWRHYDINDNO,2039,183.8822
GLOBAL,PWRHYDINDNO,2040,183.8822
GLOBAL,PWRHYDINDNO,2041,183.8822
GLOBAL,PWRHYDINDNO,2042,183.8822
GLOBAL,PWRHYDINDNO,2043,183.8822
GLOBAL,PWRHYDINDNO,2044,183.8822
GLOBAL,PWRHYDINDNO,2045,183.8822
GLOBAL,PWRHYDINDNO,2046,183.8822
GLOBAL,PWRHYDINDNO,2047,183.8822
GLOBAL,PWRHYDINDNO,2048,183.8822
GLOBAL,PWRHYDINDNO,2049,183.8822
GLOBAL,PWRHYDINDNO,2050,183.8822
GLOBAL,PWRHYDINDSO,2023,34.7552
GLOBAL,PWRHYDINDSO,2024,34.7552
GLOBAL,PWRHYDINDSO,2025,34.7552
GLOBAL,PWRHYDINDSO,2026,34.7552
GLOBAL,PWRHYDINDSO,2027,34.7552
GLOBAL,PWRHYDINDSO,2028,34.7552
GLOBAL,PWRHYDINDSO,2029,34.7552
GLOBAL,PWRHYDINDSO,2030,34.7552
GLOBAL,PWRHYDINDSO,2031,34.7552
GLOBAL,PWRHYDINDSO,2032,34.7552
GLOBAL,PWRHYDINDSO,2033,34.7552
GLOBAL,PWRHYDINDSO,2034,34.7552
GLOBAL,PWRHYDINDSO,2035,34.7552
GLOBAL,PWRHYDINDSO,2036,34.7552
GLOBAL,PWRHYDINDSO,2037,34.7552
GLOBAL,PWRHYDINDSO,2038,34.7552
GLOBAL,PWRHYDINDSO,2039,34.7552
GLOBAL,PWRHYDINDSO,2040,34.7552
GLOBAL,PWRHYDINDSO,2041,34.7552
GLOBAL,PWRHYDINDSO,2042,34.7552
GLOBAL,PWRHYDINDSO,2043,34.7552
GLOBAL,PWRHYDINDSO,2044,34.7552
GLOBAL,PWRHYDINDSO,2045,34.7552
GLOBAL,PWRHYDINDSO,2046,34.7552
GLOBAL,PWRHYDINDSO,2047,34.7552
GLOBAL,PWRHYDINDSO,2048,34.7552
GLOBAL,PWRHYDINDSO,2049,34.7552
GLOBAL,PWRHYDINDSO,2050,34.7552
GLOBAL,PWRHYDINDWE,2023,31.5352
GLOBAL,PWRHYDINDWE,2024,31.5352
GLOBAL,PWRHYDINDWE,2025,31.5352
GLOBAL,PWRHYDINDWE,2026,31.5352
GLOBAL,PWRHYDINDWE,2027,31.5352
GLOBAL,PWRHYDINDWE,2028,31.5352
GLOBAL,PWRHYDINDWE,2029,31.5352
GLOBAL,PWRHYDINDWE,2030,31.5352
GLOBAL,PWRHYDINDWE,2031,31.5352
GLOBAL,PWRHYDINDWE,2032,31.5352
GLOBAL,PWRHYDINDWE,2033,31.5352
GLOBAL,PWRHYDINDWE,2034,31.5352
GLOBAL,PWRHYDINDWE,2035,31.5352
GLOBAL,PWRHYDINDWE,2036,31.5352
GLOBAL,PWRHYDINDWE,2037,31.5352
GLOBAL,PWRHYDINDWE,2038,31.5352
GLOBAL,PWRHYDINDWE,2039,31.5352
GLOBAL,PWRHYDINDWE,2040,31.5352
GLOBAL,PWRHYDINDWE,2041,31.5352
GLOBAL,PWRHYDINDWE,2042,31.5352
GLOBAL,PWRHYDINDWE,2043,31.5352
GLOBAL,PWRHYDINDWE,2044,31.5352
GLOBAL,PWRHYDINDWE,2045,31.5352
GLOBAL,PWRHYDINDWE,2046,31.5352
GLOBAL,PWRHYDINDWE,2047,31.5352
GLOBAL,PWRHYDINDWE,2048,31.5352
GLOBAL,PWRHYDINDWE,2049,31.5352
GLOBAL,PWRHYDINDWE,2050,31.5352
GLOBAL,PWRHYDLKAXX,2023,2.1005
GLOBAL,PWRHYDLKAXX,2024,2.1005
GLOBAL,PWRHYDLKAXX,2025,2.1005
GLOBAL,PWRHYDLKAXX,2026,2.1005
GLOBAL,PWRHYDLKAXX,2027,2.1005
GLOBAL,PWRHYDLKAXX,2028,2.1005
GLOBAL,PWRHYDLKAXX,2029,2.1005
GLOBAL,PWRHYDLKAXX,2030,2.1005
GLOBAL,PWRHYDLKAXX,2031,2.1005
GLOBAL,PWRHYDLKAXX,2032,2.1005
GLOBAL,PWRHYDLKAXX,2033,2.1005
GLOBAL,PWRHYDLKAXX,2034,2.1005
GLOBAL,PWRHYDLKAXX,2035,2.1005
GLOBAL,PWRHYDLKAXX,2036,2.1005
GLOBAL,PWRHYDLKAXX,2037,2.1005
GLOBAL,PWRHYDLKAXX,2038,2.1005
GLOBAL,PWRHYDLKAXX,2039,2.1005
GLOBAL,PWRHYDLKAXX,2040,2.1005
GLOBAL,PWRHYDLKAXX,2041,2.1005
GLOBAL,PWRHYDLKAXX,2042,2.1005
GLOBAL,PWRHYDLKAXX,2043,2.1005
GLOBAL,PWRHYDLKAXX,2044,2.1005
GLOBAL,PWRHYDLKAXX,2045,2.1005
GLOBAL,PWRHYDLKAXX,2046,2.1005
GLOBAL,PWRHYDLKAXX,2047,2.1005
GLOBAL,PWRHYDLKAXX,2048,2.1005
GLOBAL,PWRHYDLKAXX,2049,2.1005
GLOBAL,PWRHYDLKAXX,2050,2.1005
GLOBAL,PWRHYDNPLXX,2023,39.7532
GLOBAL,PWRHYDNPLXX,2024,39.7532
GLOBAL,PWRHYDNPLXX,2025,39.7532
GLOBAL,PWRHYDNPLXX,2026,39.7532
GLOBAL,PWRHYDNPLXX,2027,39.7532
GLOBAL,PWRHYDNPLXX,2028,39.7532
GLOBAL,PWRHYDNPLXX,2029,39.7532
GLOBAL,PWRHYDNPLXX,2030,39.7532
GLOBAL,PWRHYDNPLXX,2031,39.7532
GLOBAL,PWRHYDNPLXX,2032,39.7532
GLOBAL,PWRHYDNPLXX,2033,39.7532
GLOBAL,PWRHYDNPLXX,2034,39.7532
GLOBAL,PWRHYDNPLXX,2035,39.7532
GLOBAL,PWRHYDNPLXX,2036,39.7532
GLOBAL,PWRHYDNPLXX,2037,39.7532
GLOBAL,PWRHYDNPLXX,2038,39.7532
GLOBAL,PWRHYDNPLXX,2039,39.7532
GLOBAL,PWRHYDNPLXX,2040,39.7532
GLOBAL,PWRHYDNPLXX,2041,39.7532
GLOBAL,PWRHYDNPLXX,2042,39.7532
GLOBAL,PWRHYDNPLXX,2043,39.7532
GLOBAL,PWRHYDNPLXX,2044,39.7532
GLOBAL,PWRHYDNPLXX,2045,39.7532
GLOBAL,PWRHYDNPLXX,2046,39.7532
GLOBAL,PWRHYDNPLXX,2047,39.7532
GLOBAL,PWRHYDNPLXX,2048,39.7532
GLOBAL,PWRHYDNPLXX,2049,39.7532
GLOBAL,PWRHYDNPLXX,2050,39.7532
GLOBAL,PWRSPVBGDXX,2023,365.6702
GLOBAL,PWRSPVBGDXX,2024,365.6702
GLOBAL,PWRSPVBGDXX,2025,365.6702
GLOBAL,PWRSPVBGDXX,2026,365.6702
GLOBAL,PWRSPVBGDXX,2027,365.6702
GLOBAL,PWRSPVBGDXX,2028,365.6702
GLOBAL,PWRSPVBGDXX,2029,365.6702
GLOBAL,PWRSPVBGDXX,2030,365.6702
GLOBAL,PWRSPVBGDXX,2031,365.6702
GLOBAL,PWRSPVBGDXX,2032,365.6702
GLOBAL,PWRSPVBGDXX,2033,365.6702
GLOBAL,PWRSPVBGDXX,2034,365.6702
GLOBAL,PWRSPVBGDXX,2035,365.6702
GLOBAL,PWRSPVBGDXX,2036,365.6702
GLOBAL,PWRSPVBGDXX,2037,365.6702
GLOBAL,PWRSPVBGDXX,2038,365.6702
GLOBAL,PWRSPVBGDXX,2039,365.6702
GLOBAL,PWRSPVBGDXX,2040,365.6702
GLOBAL,PWRSPVBGDXX,2041,365.6702
GLOBAL,PWRSPVBGDXX,2042,365.6702
GLOBAL,PWRSPVBGDXX,2043,365.6702
GLOBAL,PWRSPVBGDXX,2044,365.6702
GLOBAL,PWRSPVBGDXX,2045,365.6702
GLOBAL,PWRSPVBGDXX,2046,365.6702
GLOBAL,PWRSPVBGDXX,2047,365.6702
GLOBAL,PWRSPVBGDXX,2048,365.6702
GLOBAL,PWRSPVBGDXX,2049,365.6702
GLOBAL,PWRSPVBGDXX,2050,365.6702
GLOBAL,PWRSPVBTNXX,2023,1.8102
GLOBAL,PWRSPVBTNXX,2024,1.8102
GLOBAL,PWRSPVBTNXX,2025,1.8102
GLOBAL,PWRSPVBTNXX,2026,1.8102
GLOBAL,PWRSPVBTNXX,2027,1.8102
GLOBAL,PWRSPVBTNXX,2028,1.8102
GLOBAL,PWRSPVBTNXX,2029,1.8102
GLOBAL,PWRSPVBTNXX,2030,1.8102
GLOBAL,PWRSPVBTNXX,2031,1.8102
GLOBAL,PWRSPVBTNXX,2032,1.8102
GLOBAL,PWRSPVBTNXX,2033,1.8102
GLOBAL,PWRSPVBTNXX,2034,1.8102
GLOBAL,PWRSPVBTNXX,2035,1.8102
GLOBAL,PWRSPVBTNXX,2036,1.8102
GLOBAL,PWRSPVBTNXX,2037,1.8102
GLOBAL,PWRSPVBTNXX,2038,1.8102
GLOBAL,PWRSPVBTNXX,2039,1.8102
GLOBAL,PWRSPVBTNXX,2040,1.8102
GLOBAL,PWRSPVBTNXX,2041,1.8102
GLOBAL,PWRSPVBTNXX,2042,1.8102
GLOBAL,PWRSPVBTNXX,2043,1.8102
GLOBAL,PWRSPVBTNXX,2044,1.8102
GLOBAL,PWRSPVBTNXX,2045,1.8102
GLOBAL,PWRSPVBTNXX,2046,1.8102
GLOBAL,PWRSPVBTNXX,2047,1.8102
GLOBAL,PWRSPVBTNXX,2048,1.8102
GLOBAL,PWRSPVBTNXX,2049,1.8102
GLOBAL,PWRSPVBTNXX,2050,1.8102
GLOBAL,PWRSPVINDEA,2023,496.2512
GLOBAL,PWRSPVINDEA,2024,496.2512
GLOBAL,PWRSPVINDEA,2025,496.2512
GLOBAL,PWRSPVINDEA,2026,496.2512
GLOBAL,PWRSPVINDEA,2027,496.2512
GLOBAL,PWRSPVINDEA,2028,496.2512
GLOBAL,PWRSPVINDEA,2029,496.2512
GLOBAL,PWRSPVINDEA,2030,496.2512
GLOBAL,PWRSPVINDEA,2031,496.2512
GLOBAL,PWRSPVINDEA,2032,496.2512
GLOBAL,PWRSPVINDEA,2033,496.2512
GLOBAL,PWRSPVINDEA,2034,496.2512
GLOBAL,PWRSPVINDEA,2035,496.2512
GLOBAL,PWRSPVINDEA,2036,496.2512
GLOBAL,PWRSPVINDEA,2037,496.2512
GLOBAL,PWRSPVINDEA,2038,496.2512
GLOBAL,PWRSPVINDEA,2039,496.2512
GLOBAL,PWRSPVINDEA,2040,496.2512
GLOBAL,PWRSPVINDEA,2041,496.2512
GLOBAL,PWRSPVINDEA,2042,496.2512
GLOBAL,PWRSPVINDEA,2043,496.2512
GLOBAL,PWRSPVINDEA,2044,496.2512
GLOBAL,PWRSPVINDEA,2045,496.2512
GLOBAL,PWRSPVINDEA,2046,496.2512
GLOBAL,PWRSPVINDEA,2047,496.2512
GLOBAL,PWRSPVINDEA,2048,496.2512
GLOBAL,PWRSPVINDEA,2049,496.2512
GLOBAL,PWRSPVINDEA,2050,496.2512
GLOBAL,PWRSPVINDNE,2023,100.1672
GLOBAL,PWRSPVINDNE,2024,100.1672
GLOBAL,PWRSPVINDNE,2025,100.1672
GLOBAL,PWRSPVINDNE,2026,100.1672
GLOBAL,PWRSPVINDNE,2027,100.1672
GLOBAL,PWRSPVINDNE,2028,100.1672
GLOBAL,PWRSPVINDNE,2029,100.1672
GLOBAL,PWRSPVINDNE,2030,100.1672
GLOBAL,PWRSPVINDNE,2031,100.1672
GLOBAL,PWRSPVINDNE,2032,100.1672
GLOBAL,PWRSPVINDNE,2033,100.1672
GLOBAL,PWRSPVINDNE,2034,100.1672
GLOBAL,PWRSPVINDNE,2035,100.1672
GLOBAL,PWRSPVINDNE,2036,100.1672
GLOBAL,PWRSPVINDNE,2037,100.1672
GLOBAL,PWRSPVINDNE,2038,100.1672
GLOBAL,PWRSPVINDNE,2039,100.1672
GLOBAL,PWRSPVINDNE,2040,100.1672
GLOBAL,PWRSPVINDNE,2041,100.1672
GLOBAL,PWRSPVINDNE,2042,100.1672
GLOBAL,PWRSPVINDNE,2043,100.1672
GLOBAL,PWRSPVINDNE,2044,100.1672
GLOBAL,PWRSPVINDNE,2045,100.1672
GLOBAL,PWRSPVINDNE,2046,100.1672
GLOBAL,PWRSPVINDNE,2047,100.1672
GLOBAL,PWRSPVINDNE,2048,100.1672
GLOBAL,PWRSPVINDNE,2049,100.1672
GLOBAL,PWRSPVINDNE,2050,100.1672
GLOBAL,PWRSPVINDNO,2023,1330.7072
GLOBAL,PWRSPVINDNO,2024,1330.7072
GLOBAL,PWRSPVINDNO,2025,1330.7072
GLOBAL,PWRSPVINDNO,2026,1330.7072
GLOBAL,PWRSPVINDNO,2027,1330.7072
GLOBAL,PWRSPVINDNO,2028,1330.7072
GLOBAL,PWRSPVINDNO,2029,1330.7072
GLOBAL,PWRSPVINDNO,2030,1330.7072
GLOBAL,PWRSPVINDNO,2031,1330.7072
GLOBAL,PWRSPVINDNO,2032,1330.7072
GLOBAL,PWRSPVINDNO,2033,1330.7072
GLOBAL,PWRSPVINDNO,2034,1330.7072
GLOBAL,PWRSPVINDNO,2035,1330.7072
GLOBAL,PWRSPVINDNO,2036,1330.7072
GLOBAL,PWRSPVINDNO,2037,1330.7072
GLOBAL,PWRSPVINDNO,2038,1330.7072
GLOBAL,PWRSPVINDNO,2039,1330.7072
GLOBAL,PWRSPVINDNO,2040,1330.7072
GLOBAL,PWRSPVINDNO,2041,1330.7072
GLOBAL,PWRSPVINDNO,2042,1330.7072
GLOBAL,PWRSPVINDNO,2043,1330.7072
GLOBAL,PWRSPVINDNO,2044,1330.7072
GLOBAL,PWRSPVINDNO,2045,1330.7072
GLOBAL,PWRSPVINDNO,2046,1330.7072
GLOBAL,PWRSPVINDNO,2047,1330.7072
GLOBAL,PWRSPVINDNO,2048,1330.7072
GLOBAL,PWRSPVINDNO,2049,1330.7072
GLOBAL,PWRSPVINDNO,2050,1330.7072
GLOBAL,PWRSPVINDSO,2023,806.0962
GLOBAL,PWRSPVINDSO,2024,806.0962
GLOBAL,PWRSPVINDSO,2025,806.0962
GLOBAL,PWRSPVINDSO,2026,806.0962
GLOBAL,PWRSPVINDSO,2027,806.0962
GLOBAL,PWRSPVINDSO,2028,806.0962
GLOBAL,PWRSPVINDSO,2029,806.0962
GLOBAL,PWRSPVINDSO,2030,806.0962
GLOBAL,PWRSPVINDSO,2031,806.0962
GLOBAL,PWRSPVINDSO,2032,806.0962
GLOBAL,PWRSPVINDSO,2033,806.0962
GLOBAL,PWRSPVINDSO,2034,806.0962
GLOBAL,PWRSPVINDSO,2035,806.0962
GLOBAL,PWRSPVINDSO,2036,806.0962
GLOBAL,PWRSPVINDSO,2037,806.0962
GLOBAL,PWRSPVINDSO,2038,806.0962
GLOBAL,PWRSPVINDSO,2039,806.0962
GLOBAL,PWRSPVINDSO,2040,806.0962
GLOBAL,PWRSPVINDSO,2041,806.0962
GLOBAL,PWRSPVINDSO,2042,806.0962
GLOBAL,PWRSPVINDSO,2043,806.0962
GLOBAL,PWRSPVINDSO,2044,806.0962
GLOBAL,PWRSPVINDSO,2045,806.0962
GLOBAL,PWRSPVINDSO,2046,806.0962
GLOBAL,PWRSPVINDSO,2047,806.0962
GLOBAL,PWRSPVINDSO,2048,806.0962
GLOBAL,PWRSPVINDSO,2049,806.0962
GLOBAL,PWRSPVINDSO,2050,806.0962
GLOBAL,PWRSPVINDWE,2023,1281.7732
GLOBAL,PWRSPVINDWE,2024,1281.7732
GLOBAL,PWRSPVINDWE,2025,1281.7732
GLOBAL,PWRSPVINDWE,2026,1281.7732
GLOBAL,PWRSPVINDWE,2027,1281.7732
GLOBAL,PWRSPVINDWE,2028,1281.7732
GLOBAL,PWRSPVINDWE,2029,1281.7732
GLOBAL,PWRSPVINDWE,2030,1281.7732
GLOBAL,PWRSPVINDWE,2031,1281.7732
GLOBAL,PWRSPVINDWE,2032,1281.7732
GLOBAL,PWRSPVINDWE,2033,1281.7732
GLOBAL,PWRSPVINDWE,2034,1281.7732
GLOBAL,PWRSPVINDWE,2035,1281.7732
GLOBAL,PWRSPVINDWE,2036,1281.7732
GLOBAL,PWRSPVINDWE,2037,1281.7732
GLOBAL,PWRSPVINDWE,2038,1281.7732
GLOBAL,PWRSPVINDWE,2039,1281.7732
GLOBAL,PWRSPVINDWE,2040,1281.7732
GLOBAL,PWRSPVINDWE,2041,1281.7732
GLOBAL,PWRSPVINDWE,2042,1281.7732
GLOBAL,PWRSPVINDWE,2043,1281.7732
GLOBAL,PWRSPVINDWE,2044,1281.7732
GLOBAL,PWRSPVINDWE,2045,1281.7732
GLOBAL,PWRSPVINDWE,2046,1281.7732
GLOBAL,PWRSPVINDWE,2047,1281.7732
GLOBAL,PWRSPVINDWE,2048,1281.7732
GLOBAL,PWRSPVINDWE,2049,1281.7732
GLOBAL,PWRSPVINDWE,2050,1281.7732
GLOBAL,PWRSPVLKAXX,2023,248.4202
GLOBAL,PWRSPVLKAXX,2024,248.4202
GLOBAL,PWRSPVLKAXX,2025,248.4202
GLOBAL,PWRSPVLKAXX,2026,248.4202
GLOBAL,PWRSPVLKAXX,2027,248.4202
GLOBAL,PWRSPVLKAXX,2028,248.4202
GLOBAL,PWRSPVLKAXX,2029,248.4202
GLOBAL,PWRSPVLKAXX,2030,248.4202
GLOBAL,PWRSPVLKAXX,2031,248.4202
GLOBAL,PWRSPVLKAXX,2032,248.4202
GLOBAL,PWRSPVLKAXX,2033,248.4202
GLOBAL,PWRSPVLKAXX,2034,248.4202
GLOBAL,PWRSPVLKAXX,2035,248.4202
GLOBAL,PWRSPVLKAXX,2036,248.4202
GLOBAL,PWRSPVLKAXX,2037,248.4202
GLOBAL,PWRSPVLKAXX,2038,248.4202
GLOBAL,PWRSPVLKAXX,2039,248.4202
GLOBAL,PWRSPVLKAXX,2040,248.4202
GLOBAL,PWRSPVLKAXX,2041,248.4202
GLOBAL,PWRSPVLKAXX,2042,248.4202
GLOBAL,PWRSPVLKAXX,2043,248.4202
GLOBAL,PWRSPVLKAXX,2044,248.4202
GLOBAL,PWRSPVLKAXX,2045,248.4202
GLOBAL,PWRSPVLKAXX,2046,248.4202
GLOBAL,PWRSPVLKAXX,2047,248.4202
GLOBAL,PWRSPVLKAXX,2048,248.4202
GLOBAL,PWRSPVLKAXX,2049,248.4202
GLOBAL,PWRSPVLKAXX,2050,248.4202
GLOBAL,PWRSPVMDVXX,2023,248.4202
GLOBAL,PWRSPVMDVXX,2024,248.4202
GLOBAL,PWRSPVMDVXX,2025,248.4202
GLOBAL,PWRSPVMDVXX,2026,248.4202
GLOBAL,PWRSPVMDVXX,2027,248.4202
GLOBAL,PWRSPVMDVXX,2028,248.4202
GLOBAL,PWRSPVMDVXX,2029,248.4202
GLOBAL,PWRSPVMDVXX,2030,248.4202
GLOBAL,PWRSPVMDVXX,2031,248.4202
GLOBAL,PWRSPVMDVXX,2032,248.4202
GLOBAL,PWRSPVMDVXX,2033,248.4202
GLOBAL,PWRSPVMDVXX,2034,248.4202
GLOBAL,PWRSPVMDVXX,2035,248.4202
GLOBAL,PWRSPVMDVXX,2036,248.4202
GLOBAL,PWRSPVMDVXX,2037,248.4202
GLOBAL,PWRSPVMDVXX,2038,248.4202
GLOBAL,PWRSPVMDVXX,2039,248.4202
GLOBAL,PWRSPVMDVXX,2040,248.4202
GLOBAL,PWRSPVMDVXX,2041,248.4202
GLOBAL,PWRSPVMDVXX,2042,248.4202
GLOBAL,PWRSPVMDVXX,2043,248.4202
GLOBAL,PWRSPVMDVXX,2044,248.4202
GLOBAL,PWRSPVMDVXX,2045,248.4202
GLOBAL,PWRSPVMDVXX,2046,248.4202
GLOBAL,PWRSPVMDVXX,2047,248.4202
GLOBAL,PWRSPVMDVXX,2048,248.4202
GLOBAL,PWRSPVMDVXX,2049,248.4202
GLOBAL,PWRSPVMDVXX,2050,248.4202
GLOBAL,PWRSPVNPLXX,2023,145.9322
GLOBAL,PWRSPVNPLXX,2024,145.9322
GLOBAL,PWRSPVNPLXX,2025,145.9322
GLOBAL,PWRSPVNPLXX,2026,145.9322
GLOBAL,PWRSPVNPLXX,2027,145.9322
GLOBAL,PWRSPVNPLXX,2028,145.9322
GLOBAL,PWRSPVNPLXX,2029,145.9322
GLOBAL,PWRSPVNPLXX,2030,145.9322
GLOBAL,PWRSPVNPLXX,2031,145.9322
GLOBAL,PWRSPVNPLXX,2032,145.9322
GLOBAL,PWRSPVNPLXX,2033,145.9322
GLOBAL,PWRSPVNPLXX,2034,145.9322
GLOBAL,PWRSPVNPLXX,2035,145.9322
GLOBAL,PWRSPVNPLXX,2036,145.9322
GLOBAL,PWRSPVNPLXX,2037,145.9322
GLOBAL,PWRSPVNPLXX,2038,145.9322
GLOBAL,PWRSPVNPLXX,2039,145.9322
GLOBAL,PWRSPVNPLXX,2040,145.9322
GLOBAL,PWRSPVNPLXX,2041,145.9322
GLOBAL,PWRSPVNPLXX,2042,145.9322
GLOBAL,PWRSPVNPLXX,2043,145.9322
GLOBAL,PWRSPVNPLXX,2044,145.9322
GLOBAL,PWRSPVNPLXX,2045,145.9322
GLOBAL,PWRSPVNPLXX,2046,145.9322
GLOBAL,PWRSPVNPLXX,2047,145.9322
GLOBAL,PWRSPVNPLXX,2048,145.9322
GLOBAL,PWRSPVNPLXX,2049,145.9322
GLOBAL,PWRSPVNPLXX,2050,145.9322
GLOBAL,PWRWOFBGDXX,2023,0.0002
GLOBAL,PWRWOFBGDXX,2024,0.0002
GLOBAL,PWRWOFBGDXX,2025,0.0002
GLOBAL,PWRWOFBGDXX,2026,0.0002
GLOBAL,PWRWOFBGDXX,2027,0.0002
GLOBAL,PWRWOFBGDXX,2028,0.0002
GLOBAL,PWRWOFBGDXX,2029,0.0002
GLOBAL,PWRWOFBGDXX,2030,0.0002
GLOBAL,PWRWOFBGDXX,2031,0.0002
GLOBAL,PWRWOFBGDXX,2032,0.0002
GLOBAL,PWRWOFBGDXX,2033,0.0002
GLOBAL,PWRWOFBGDXX,2034,0.0002
GLOBAL,PWRWOFBGDXX,2035,0.0002
GLOBAL,PWRWOFBGDXX,2036,0.0002
GLOBAL,PWRWOFBGDXX,2037,0.0002
GLOBAL,PWRWOFBGDXX,2038,0.0002
GLOBAL,PWRWOFBGDXX,2039,0.0002
GLOBAL,PWRWOFBGDXX,2040,0.0002
GLOBAL,PWRWOFBGDXX,2041,0.0002
GLOBAL,PWRWOFBGDXX,2042,0.0002
GLOBAL,PWRWOFBGDXX,2043,0.0002
GLOBAL,PWRWOFBGDXX,2044,0.0002
GLOBAL,PWRWOFBGDXX,2045,0.0002
GLOBAL,PWRWOFBGDXX,2046,0.0002
GLOBAL,PWRWOFBGDXX,2047,0.0002
GLOBAL,PWRWOFBGDXX,2048,0.0002
GLOBAL,PWRWOFBGDXX,2049,0.0002
GLOBAL,PWRWOFBGDXX,2050,0.0002
GLOBAL,PWRWOFINDEA,2023,75.5802
GLOBAL,PWRWOFINDEA,2024,75.5802
GLOBAL,PWRWOFINDEA,2025,75.5802
GLOBAL,PWRWOFINDEA,2026,75.5802
GLOBAL,PWRWOFINDEA,2027,75.5802
GLOBAL,PWRWOFINDEA,2028,75.5802
GLOBAL,PWRWOFINDEA,2029,75.5802
GLOBAL,PWRWOFINDEA,2030,75.5802
GLOBAL,PWRWOFINDEA,2031,75.5802
GLOBAL,PWRWOFINDEA,2032,75.5802
GLOBAL,PWRWOFINDEA,2033,75.5802
GLOBAL,PWRWOFINDEA,2034,75.5802
GLOBAL,PWRWOFINDEA,2035,75.5802
GLOBAL,PWRWOFINDEA,2036,75.5802
GLOBAL,PWRWOFINDEA,2037,75.5802
GLOBAL,PWRWOFINDEA,2038,75.5802
GLOBAL,PWRWOFINDEA,2039,75.5802
GLOBAL,PWRWOFINDEA,2040,75.5802
GLOBAL,PWRWOFINDEA,2041,75.5802
GLOBAL,PWRWOFINDEA,2042,75.5802
GLOBAL,PWRWOFINDEA,2043,75.5802
GLOBAL,PWRWOFINDEA,2044,75.5802
GLOBAL,PWRWOFINDEA,2045,75.5802
GLOBAL,PWRWOFINDEA,2046,75.5802
GLOBAL,PWRWOFINDEA,2047,75.5802
GLOBAL,PWRWOFINDEA,2048,75.5802
GLOBAL,PWRWOFINDEA,2049,75.5802
GLOBAL,PWRWOFINDEA,2050,75.5802
GLOBAL,PWRWOFINDNE,2023,517.0802
GLOBAL,PWRWOFINDNE,2024,517.0802
GLOBAL,PWRWOFINDNE,2025,517.0802
GLOBAL,PWRWOFINDNE,2026,517.0802
GLOBAL,PWRWOFINDNE,2027,517.0802
GLOBAL,PWRWOFINDNE,2028,517.0802
GLOBAL,PWRWOFINDNE,2029,517.0802
GLOBAL,PWRWOFINDNE,2030,517.0802
GLOBAL,PWRWOFINDNE,2031,517.0802
GLOBAL,PWRWOFINDNE,2032,517.0802
GLOBAL,PWRWOFINDNE,2033,517.0802
GLOBAL,PWRWOFINDNE,2034,517.0802
GLOBAL,PWRWOFINDNE,2035,517.0802
GLOBAL,PWRWOFINDNE,2036,517.0802
GLOBAL,PWRWOFINDNE,2037,517.0802
GLOBAL,PWRWOFINDNE,2038,517.0802
GLOBAL,PWRWOFINDNE,2039,517.0802
GLOBAL,PWRWOFINDNE,2040,517.0802
GLOBAL,PWRWOFINDNE,2041,517.0802
GLOBAL,PWRWOFINDNE,2042,517.0802
GLOBAL,PWRWOFINDNE,2043,517.0802
GLOBAL,PWRWOFINDNE,2044,517.0802
GLOBAL,PWRWOFINDNE,2045,517.0802
GLOBAL,PWRWOFINDNE,2046,517.0802
GLOBAL,PWRWOFINDNE,2047,517.0802
GLOBAL,PWRWOFINDNE,2048,517.0802
GLOBAL,PWRWOFINDNE,2049,517.0802
GLOBAL,PWRWOFINDNE,2050,517.0802
GLOBAL,PWRWOFINDNO,2023,0.0002
GLOBAL,PWRWOFINDNO,2024,0.0002
GLOBAL,PWRWOFINDNO,2025,0.0002
GLOBAL,PWRWOFINDNO,2026,0.0002
GLOBAL,PWRWOFINDNO,2027,0.0002
GLOBAL,PWRWOFINDNO,2028,0.0002
GLOBAL,PWRWOFINDNO,2029,0.0002
GLOBAL,PWRWOFINDNO,2030,0.0002
GLOBAL,PWRWOFINDNO,2031,0.0002
GLOBAL,PWRWOFINDNO,2032,0.0002
GLOBAL,PWRWOFINDNO,2033,0.0002
GLOBAL,PWRWOFINDNO,2034,0.0002
GLOBAL,PWRWOFINDNO,2035,0.0002
GLOBAL,PWRWOFINDNO,2036,0.0002
GLOBAL,PWRWOFINDNO,2037,0.0002
GLOBAL,PWRWOFINDNO,2038,0.0002
GLOBAL,PWRWOFINDNO,2039,0.0002
GLOBAL,PWRWOFINDNO,2040,0.0002
GLOBAL,PWRWOFINDNO,2041,0.0002
GLOBAL,PWRWOFINDNO,2042,0.0002
GLOBAL,PWRWOFINDNO,2043,0.0002
GLOBAL,PWRWOFINDNO,2044,0.0002
GLOBAL,PWRWOFINDNO,2045,0.0002
GLOBAL,PWRWOFINDNO,2046,0.0002
GLOBAL,PWRWOFINDNO,2047,0.0002
GLOBAL,PWRWOFINDNO,2048,0.0002
GLOBAL,PWRWOFINDNO,2049,0.0002
GLOBAL,PWRWOFINDNO,2050,0.0002
GLOBAL,PWRWOFINDSO,2023,150.4202
GLOBAL,PWRWOFINDSO,2024,150.4202
GLOBAL,PWRWOFINDSO,2025,150.4202
GLOBAL,PWRWOFINDSO,2026,150.4202
GLOBAL,PWRWOFINDSO,2027,150.4202
GLOBAL,PWRWOFINDSO,2028,150.4202
GLOBAL,PWRWOFINDSO,2029,150.4202
GLOBAL,PWRWOFINDSO,2030,150.4202
GLOBAL,PWRWOFINDSO,2031,150.4202
GLOBAL,PWRWOFINDSO,2032,150.4202
GLOBAL,PWRWOFINDSO,2033,150.4202
GLOBAL,PWRWOFINDSO,2034,150.4202
GLOBAL,PWRWOFINDSO,2035,150.4202
GLOBAL,PWRWOFINDSO,2036,150.4202
GLOBAL,PWRWOFINDSO,2037,150.4202
GLOBAL,PWRWOFINDSO,2038,150.4202
GLOBAL,PWRWOFINDSO,2039,150.4202
GLOBAL,PWRWOFINDSO,2040,150.4202
GLOBAL,PWRWOFINDSO,2041,150.4202
GLOBAL,PWRWOFINDSO,2042,150.4202
GLOBAL,PWRWOFINDSO,2043,150.4202
GLOBAL,PWRWOFINDSO,2044,150.4202
GLOBAL,PWRWOFINDSO,2045,150.4202
GLOBAL,PWRWOFINDSO,2046,150.4202
GLOBAL,PWRWOFINDSO,2047,150.4202
GLOBAL,PWRWOFINDSO,2048,150.4202
GLOBAL,PWRWOFINDSO,2049,150.4202
GLOBAL,PWRWOFINDSO,2050,150.4202
GLOBAL,PWRWOFINDWE,2023,235.4702
GLOBAL,PWRWOFINDWE,2024,235.4702
GLOBAL,PWRWOFINDWE,2025,235.4702
GLOBAL,PWRWOFINDWE,2026,235.4702
GLOBAL,PWRWOFINDWE,2027,235.4702
GLOBAL,PWRWOFINDWE,2028,235.4702
GLOBAL,PWRWOFINDWE,2029,235.4702
GLOBAL,PWRWOFINDWE,2030,235.4702
GLOBAL,PWRWOFINDWE,2031,235.4702
GLOBAL,PWRWOFINDWE,2032,235.4702
GLOBAL,PWRWOFINDWE,2033,235.4702
GLOBAL,PWRWOFINDWE,2034,235.4702
GLOBAL,PWRWOFINDWE,2035,235.4702
GLOBAL,PWRWOFINDWE,2036,235.4702
GLOBAL,PWRWOFINDWE,2037,235.4702
GLOBAL,PWRWOFINDWE,2038,235.4702
GLOBAL,PWRWOFINDWE,2039,235.4702
GLOBAL,PWRWOFINDWE,2040,235.4702
GLOBAL,PWRWOFINDWE,2041,235.4702
GLOBAL,PWRWOFINDWE,2042,235.4702
GLOBAL,PWRWOFINDWE,2043,235.4702
GLOBAL,PWRWOFINDWE,2044,235.4702
GLOBAL,PWRWOFINDWE,2045,235.4702
GLOBAL,PWRWOFINDWE,2046,235.4702
GLOBAL,PWRWOFINDWE,2047,235.4702
GLOBAL,PWRWOFINDWE,2048,235.4702
GLOBAL,PWRWOFINDWE,2049,235.4702
GLOBAL,PWRWOFINDWE,2050,235.4702
GLOBAL,PWRWOFLKAXX,2023,101.9002
GLOBAL,PWRWOFLKAXX,2024,101.9002
GLOBAL,PWRWOFLKAXX,2025,101.9002
GLOBAL,PWRWOFLKAXX,2026,101.9002
GLOBAL,PWRWOFLKAXX,2027,101.9002
GLOBAL,PWRWOFLKAXX,2028,101.9002
GLOBAL,PWRWOFLKAXX,2029,101.9002
GLOBAL,PWRWOFLKAXX,2030,101.9002
GLOBAL,PWRWOFLKAXX,2031,101.9002
GLOBAL,PWRWOFLKAXX,2032,101.9002
GLOBAL,PWRWOFLKAXX,2033,101.9002
GLOBAL,PWRWOFLKAXX,2034,101.9002
GLOBAL,PWRWOFLKAXX,2035,101.9002
GLOBAL,PWRWOFLKAXX,2036,101.9002
GLOBAL,PWRWOFLKAXX,2037,101.9002
GLOBAL,PWRWOFLKAXX,2038,101.9002
GLOBAL,PWRWOFLKAXX,2039,101.9002
GLOBAL,PWRWOFLKAXX,2040,101.9002
GLOBAL,PWRWOFLKAXX,2041,101.9002
GLOBAL,PWRWOFLKAXX,2042,101.9002
GLOBAL,PWRWOFLKAXX,2043,101.9002
GLOBAL,PWRWOFLKAXX,2044,101.9002
GLOBAL,PWRWOFLKAXX,2045,101.9002
GLOBAL,PWRWOFLKAXX,2046,101.9002
GLOBAL,PWRWOFLKAXX,2047,101.9002
GLOBAL,PWRWOFLKAXX,2048,101.9002
GLOBAL,PWRWOFLKAXX,2049,101.9002
GLOBAL,PWRWOFLKAXX,2050,101.9002
GLOBAL,PWRWONBGDXX,2023,148.3002
GLOBAL,PWRWONBGDXX,2024,148.3002
GLOBAL,PWRWONBGDXX,2025,148.3002
GLOBAL,PWRWONBGDXX,2026,148.3002
GLOBAL,PWRWONBGDXX,2027,148.3002
GLOBAL,PWRWONBGDXX,2028,148.3002
GLOBAL,PWRWONBGDXX,2029,148.3002
GLOBAL,PWRWONBGDXX,2030,148.3002
GLOBAL,PWRWONBGDXX,2031,148.3002
GLOBAL,PWRWONBGDXX,2032,148.3002
GLOBAL,PWRWONBGDXX,2033,148.3002
GLOBAL,PWRWONBGDXX,2034,148.3002
GLOBAL,PWRWONBGDXX,2035,148.3002
GLOBAL,PWRWONBGDXX,2036,148.3002
GLOBAL,PWRWONBGDXX,2037,148.3002
GLOBAL,PWRWONBGDXX,2038,148.3002
GLOBAL,PWRWONBGDXX,2039,148.3002
GLOBAL,PWRWONBGDXX,2040,148.3002
GLOBAL,PWRWONBGDXX,2041,148.3002
GLOBAL,PWRWONBGDXX,2042,148.3002
GLOBAL,PWRWONBGDXX,2043,148.3002
GLOBAL,PWRWONBGDXX,2044,148.3002
GLOBAL,PWRWONBGDXX,2045,148.3002
GLOBAL,PWRWONBGDXX,2046,148.3002
GLOBAL,PWRWONBGDXX,2047,148.3002
GLOBAL,PWRWONBGDXX,2048,148.3002
GLOBAL,PWRWONBGDXX,2049,148.3002
GLOBAL,PWRWONBGDXX,2050,148.3002
GLOBAL,PWRWONBTNXX,2023,61.9702
GLOBAL,PWRWONBTNXX,2024,61.9702
GLOBAL,PWRWONBTNXX,2025,61.9702
GLOBAL,PWRWONBTNXX,2026,61.9702
GLOBAL,PWRWONBTNXX,2027,61.9702
GLOBAL,PWRWONBTNXX,2028,61.9702
GLOBAL,PWRWONBTNXX,2029,61.9702
GLOBAL,PWRWONBTNXX,2030,61.9702
GLOBAL,PWRWONBTNXX,2031,61.9702
GLOBAL,PWRWONBTNXX,2032,61.9702
GLOBAL,PWRWONBTNXX,2033,61.9702
GLOBAL,PWRWONBTNXX,2034,61.9702
GLOBAL,PWRWONBTNXX,2035,61.9702
GLOBAL,PWRWONBTNXX,2036,61.9702
GLOBAL,PWRWONBTNXX,2037,61.9702
GLOBAL,PWRWONBTNXX,2038,61.9702
GLOBAL,PWRWONBTNXX,2039,61.9702
GLOBAL,PWRWONBTNXX,2040,61.9702
GLOBAL,PWRWONBTNXX,2041,61.9702
GLOBAL,PWRWONBTNXX,2042,61.9702
GLOBAL,PWRWONBTNXX,2043,61.9702
GLOBAL,PWRWONBTNXX,2044,61.9702
GLOBAL,PWRWONBTNXX,2045,61.9702
GLOBAL,PWRWONBTNXX,2046,61.9702
GLOBAL,PWRWONBTNXX,2047,61.9702
GLOBAL,PWRWONBTNXX,2048,61.9702
GLOBAL,PWRWONBTNXX,2049,61.9702
GLOBAL,PWRWONBTNXX,2050,61.9702
GLOBAL,PWRWONINDEA,2023,712.7112
GLOBAL,PWRWONINDEA,2024,712.7112
GLOBAL,PWRWONINDEA,2025,712.7112
GLOBAL,PWRWONINDEA,2026,712.7112
GLOBAL,PWRWONINDEA,2027,712.7112
GLOBAL,PWRWONINDEA,2028,712.7112
GLOBAL,PWRWONINDEA,2029,712.7112
GLOBAL,PWRWONINDEA,2030,712.7112
GLOBAL,PWRWONINDEA,2031,712.7112
GLOBAL,PWRWONINDEA,2032,712.7112
GLOBAL,PWRWONINDEA,2033,712.7112
GLOBAL,PWRWONINDEA,2034,712.7112
GLOBAL,PWRWONINDEA,2035,712.7112
GLOBAL,PWRWONINDEA,2036,712.7112
GLOBAL,PWRWONINDEA,2037,712.7112
GLOBAL,PWRWONINDEA,2038,712.7112
GLOBAL,PWRWONINDEA,2039,712.7112
GLOBAL,PWRWONINDEA,2040,712.7112
GLOBAL,PWRWONINDEA,2041,712.7112
GLOBAL,PWRWONINDEA,2042,712.7112
GLOBAL,PWRWONINDEA,2043,712.7112
GLOBAL,PWRWONINDEA,2044,712.7112
GLOBAL,PWRWONINDEA,2045,712.7112
GLOBAL,PWRWONINDEA,2046,712.7112
GLOBAL,PWRWONINDEA,2047,712.7112
GLOBAL,PWRWONINDEA,2048,712.7112
GLOBAL,PWRWONINDEA,2049,712.7112
GLOBAL,PWRWONINDEA,2050,712.7112
GLOBAL,PWRWONINDNE,2023,100.0002
GLOBAL,PWRWONINDNE,2024,100.0002
GLOBAL,PWRWONINDNE,2025,100.0002
GLOBAL,PWRWONINDNE,2026,100.0002
GLOBAL,PWRWONINDNE,2027,100.0002
GLOBAL,PWRWONINDNE,2028,100.0002
GLOBAL,PWRWONINDNE,2029,100.0002
GLOBAL,PWRWONINDNE,2030,100.0002
GLOBAL,PWRWONINDNE,2031,100.0002
GLOBAL,PWRWONINDNE,2032,100.0002
GLOBAL,PWRWONINDNE,2033,100.0002
GLOBAL,PWRWONINDNE,2034,100.0002
GLOBAL,PWRWONINDNE,2035,100.0002
GLOBAL,PWRWONINDNE,2036,100.0002
GLOBAL,PWRWONINDNE,2037,100.0002
GLOBAL,PWRWONINDNE,2038,100.0002
GLOBAL,PWRWONINDNE,2039,100.0002
GLOBAL,PWRWONINDNE,2040,100.0002
GLOBAL,PWRWONINDNE,2041,100.0002
GLOBAL,PWRWONINDNE,2042,100.0002
GLOBAL,PWRWONINDNE,2043,100.0002
GLOBAL,PWRWONINDNE,2044,100.0002
GLOBAL,PWRWONINDNE,2045,100.0002
GLOBAL,PWRWONINDNE,2046,100.0002
GLOBAL,PWRWONINDNE,2047,100.0002
GLOBAL,PWRWONINDNE,2048,100.0002
GLOBAL,PWRWONINDNE,2049,100.0002
GLOBAL,PWRWONINDNE,2050,100.0002
GLOBAL,PWRWONINDNO,2023,1860.0442
GLOBAL,PWRWONINDNO,2024,1860.0442
GLOBAL,PWRWONINDNO,2025,1860.0442
GLOBAL,PWRWONINDNO,2026,1860.0442
GLOBAL,PWRWONINDNO,2027,1860.0442
GLOBAL,PWRWONINDNO,2028,1860.0442
GLOBAL,PWRWONINDNO,2029,1860.0442
GLOBAL,PWRWONINDNO,2030,1860.0442
GLOBAL,PWRWONINDNO,2031,1860.0442
GLOBAL,PWRWONINDNO,2032,1860.0442
GLOBAL,PWRWONINDNO,2033,1860.0442
GLOBAL,PWRWONINDNO,2034,1860.0442
GLOBAL,PWRWONINDNO,2035,1860.0442
GLOBAL,PWRWONINDNO,2036,1860.0442
GLOBAL,PWRWONINDNO,2037,1860.0442
GLOBAL,PWRWONINDNO,2038,1860.0442
GLOBAL,PWRWONINDNO,2039,1860.0442
GLOBAL,PWRWONINDNO,2040,1860.0442
GLOBAL,PWRWONINDNO,2041,1860.0442
GLOBAL,PWRWONINDNO,2042,1860.0442
GLOBAL,PWRWONINDNO,2043,1860.0442
GLOBAL,PWRWONINDNO,2044,1860.0442
GLOBAL,PWRWONINDNO,2045,1860.0442
GLOBAL,PWRWONINDNO,2046,1860.0442
GLOBAL,PWRWONINDNO,2047,1860.0442
GLOBAL,PWRWONINDNO,2048,1860.0442
GLOBAL,PWRWONINDNO,2049,1860.0442
GLOBAL,PWRWONINDNO,2050,1860.0442
GLOBAL,PWRWONINDSO,2023,1278.4234
GLOBAL,PWRWONINDSO,2024,1278.4234
GLOBAL,PWRWONINDSO,2025,1278.4234
GLOBAL,PWRWONINDSO,2026,1278.4234
GLOBAL,PWRWONINDSO,2027,1278.4234
GLOBAL,PWRWONINDSO,2028,1278.4234
GLOBAL,PWRWONINDSO,2029,1278.4234
GLOBAL,PWRWONINDSO,2030,1278.4234
GLOBAL,PWRWONINDSO,2031,1278.4234
GLOBAL,PWRWONINDSO,2032,1278.4234
GLOBAL,PWRWONINDSO,2033,1278.4234
GLOBAL,PWRWONINDSO,2034,1278.4234
GLOBAL,PWRWONINDSO,2035,1278.4234
GLOBAL,PWRWONINDSO,2036,1278.4234
GLOBAL,PWRWONINDSO,2037,1278.4234
GLOBAL,PWRWONINDSO,2038,1278.4234
GLOBAL,PWRWONINDSO,2039,1278.4234
GLOBAL,PWRWONINDSO,2040,1278.4234
GLOBAL,PWRWONINDSO,2041,1278.4234
GLOBAL,PWRWONINDSO,2042,1278.4234
GLOBAL,PWRWONINDSO,2043,1278.4234
GLOBAL,PWRWONINDSO,2044,1278.4234
GLOBAL,PWRWONINDSO,2045,1278.4234
GLOBAL,PWRWONINDSO,2046,1278.4234
GLOBAL,PWRWONINDSO,2047,1278.4234
GLOBAL,PWRWONINDSO,2048,1278.4234
GLOBAL,PWRWONINDSO,2049,1278.4234
GLOBAL,PWRWONINDSO,2050,1278.4234
GLOBAL,PWRWONINDWE,2023,2036.9868
GLOBAL,PWRWONINDWE,2024,2036.9868
GLOBAL,PWRWONINDWE,2025,2036.9868
GLOBAL,PWRWONINDWE,2026,2036.9868
GLOBAL,PWRWONINDWE,2027,2036.9868
GLOBAL,PWRWONINDWE,2028,2036.9868
GLOBAL,PWRWONINDWE,2029,2036.9868
GLOBAL,PWRWONINDWE,2030,2036.9868
GLOBAL,PWRWONINDWE,2031,2036.9868
GLOBAL,PWRWONINDWE,2032,2036.9868
GLOBAL,PWRWONINDWE,2033,2036.9868
GLOBAL,PWRWONINDWE,2034,2036.9868
GLOBAL,PWRWONINDWE,2035,2036.9868
GLOBAL,PWRWONINDWE,2036,2036.9868
GLOBAL,PWRWONINDWE,2037,2036.9868
GLOBAL,PWRWONINDWE,2038,2036.9868
GLOBAL,PWRWONINDWE,2039,2036.9868
GLOBAL,PWRWONINDWE,2040,2036.9868
GLOBAL,PWRWONINDWE,2041,2036.9868
GLOBAL,PWRWONINDWE,2042,2036.9868
GLOBAL,PWRWONINDWE,2043,2036.9868
GLOBAL,PWRWONINDWE,2044,2036.9868
GLOBAL,PWRWONINDWE,2045,2036.9868
GLOBAL,PWRWONINDWE,2046,2036.9868
GLOBAL,PWRWONINDWE,2047,2036.9868
GLOBAL,PWRWONINDWE,2048,2036.9868
GLOBAL,PWRWONINDWE,2049,2036.9868
GLOBAL,PWRWONINDWE,2050,2036.9868
GLOBAL,PWRWONLKAXX,2023,57.1312
GLOBAL,PWRWONLKAXX,2024,57.1312
GLOBAL,PWRWONLKAXX,2025,57.1312
GLOBAL,PWRWONLKAXX,2026,57.1312
GLOBAL,PWRWONLKAXX,2027,57.1312
GLOBAL,PWRWONLKAXX,2028,57.1312
GLOBAL,PWRWONLKAXX,2029,57.1312
GLOBAL,PWRWONLKAXX,2030,57.1312
GLOBAL,PWRWONLKAXX,2031,57.1312
GLOBAL,PWRWONLKAXX,2032,57.1312
GLOBAL,PWRWONLKAXX,2033,57.1312
GLOBAL,PWRWONLKAXX,2034,57.1312
GLOBAL,PWRWONLKAXX,2035,57.1312
GLOBAL,PWRWONLKAXX,2036,57.1312
GLOBAL,PWRWONLKAXX,2037,57.1312
GLOBAL,PWRWONLKAXX,2038,57.1312
GLOBAL,PWRWONLKAXX,2039,57.1312
GLOBAL,PWRWONLKAXX,2040,57.1312
GLOBAL,PWRWONLKAXX,2041,57.1312
GLOBAL,PWRWONLKAXX,2042,57.1312
GLOBAL,PWRWONLKAXX,2043,57.1312
GLOBAL,PWRWONLKAXX,2044,57.1312
GLOBAL,PWRWONLKAXX,2045,57.1312
GLOBAL,PWRWONLKAXX,2046,57.1312
GLOBAL,PWRWONLKAXX,2047,57.1312
GLOBAL,PWRWONLKAXX,2048,57.1312
GLOBAL,PWRWONLKAXX,2049,57.1312
GLOBAL,PWRWONLKAXX,2050,57.1312
GLOBAL,PWRWONNPLXX,2023,167.6002
GLOBAL,PWRWONNPLXX,2024,167.6002
GLOBAL,PWRWONNPLXX,2025,167.6002
GLOBAL,PWRWONNPLXX,2026,167.6002
GLOBAL,PWRWONNPLXX,2027,167.6002
GLOBAL,PWRWONNPLXX,2028,167.6002
GLOBAL,PWRWONNPLXX,2029,167.6002
GLOBAL,PWRWONNPLXX,2030,167.6002
GLOBAL,PWRWONNPLXX,2031,167.6002
GLOBAL,PWRWONNPLXX,2032,167.6002
GLOBAL,PWRWONNPLXX,2033,167.6002
GLOBAL,PWRWONNPLXX,2034,167.6002
GLOBAL,PWRWONNPLXX,2035,167.6002
GLOBAL,PWRWONNPLXX,2036,167.6002
GLOBAL,PWRWONNPLXX,2037,167.6002
GLOBAL,PWRWONNPLXX,2038,167.6002
GLOBAL,PWRWONNPLXX,2039,167.6002
GLOBAL,PWRWONNPLXX,2040,167.6002
GLOBAL,PWRWONNPLXX,2041,167.6002
GLOBAL,PWRWONNPLXX,2042,167.6002
GLOBAL,PWRWONNPLXX,2043,167.6002
GLOBAL,PWRWONNPLXX,2044,167.6002
GLOBAL,PWRWONNPLXX,2045,167.6002
GLOBAL,PWRWONNPLXX,2046,167.6002
GLOBAL,PWRWONNPLXX,2047,167.6002
GLOBAL,PWRWONNPLXX,2048,167.6002
GLOBAL,PWRWONNPLXX,2049,167.6002
GLOBAL,PWRWONNPLXX,2050,167.6002
