REGION,TECHNOLOGY,TIMESLICE,YEAR,VALUE
GLOBAL,PWRHYDMDVXX01,S1D1,2023,0.0667
GLOBAL,PWRHYDMDVXX01,S1D1,2024,0.0667
GLOBAL,PWRHYDMDVXX01,S1D1,2025,0.0667
GLOBAL,PWRHYDMDVXX01,S1D1,2026,0.0667
GLOBAL,PWRHYDMDVXX01,S1D1,2027,0.0667
GLOBAL,PWRHYDMDVXX01,S1D1,2028,0.0667
GLOBAL,PWRHYDMDVXX01,S1D1,2029,0.0667
GLOBAL,PWRHYDMDVXX01,S1D1,2030,0.0667
GLOBAL,PWRHYDMDVXX01,S1D1,2031,0.0667
GLOBAL,PWRHYDMDVXX01,S1D1,2032,0.0667
GLOBAL,PWRHYDMDVXX01,S1D1,2033,0.0667
GLOBAL,PWRHYDMDVXX01,S1D1,2034,0.0667
GLOBAL,PWRHYDMDVXX01,S1D1,2035,0.0667
GLOBAL,PWRHYDMDVXX01,S1D1,2036,0.0667
GLOBAL,PWRHYDMDVXX01,S1D1,2037,0.0667
GLOBAL,PWRHYDMDVXX01,S1D1,2038,0.0667
GLOBAL,PWRHYDMDVXX01,S1D1,2039,0.0667
GLOBAL,PWRHYDMDVXX01,S1D1,2040,0.0667
GLOBAL,PWRHYDMDVXX01,S1D1,2041,0.0667
GLOBAL,PWRHYDMDVXX01,S1D1,2042,0.0667
GLOBAL,PWRHYDMDVXX01,S1D1,2043,0.0667
GLOBAL,PWRHYDMDVXX01,S1D1,2044,0.0667
GLOBAL,PWRHYDMDVXX01,S1D1,2045,0.0667
GLOBAL,PWRHYDMDVXX01,S1D1,2046,0.0667
GLOBAL,PWRHYDMDVXX01,S1D1,2047,0.0667
GLOBAL,PWRHYDMDVXX01,S1D1,2048,0.0667
GLOBAL,PWRHYDMDVXX01,S1D1,2049,0.0667
GLOBAL,PWRHYDMDVXX01,S1D1,2050,0.0667
GLOBAL,PWRHYDMDVXX01,S1D2,2023,0.0667
GLOBAL,PWRHYDMDVXX01,S1D2,2024,0.0667
GLOBAL,PWRHYDMDVXX01,S1D2,2025,0.0667
GLOBAL,PWRHYDMDVXX01,S1D2,2026,0.0667
GLOBAL,PWRHYDMDVXX01,S1D2,2027,0.0667
GLOBAL,PWRHYDMDVXX01,S1D2,2028,0.0667
GLOBAL,PWRHYDMDVXX01,S1D2,2029,0.0667
GLOBAL,PWRHYDMDVXX01,S1D2,2030,0.0667
GLOBAL,PWRHYDMDVXX01,S1D2,2031,0.0667
GLOBAL,PWRHYDMDVXX01,S1D2,2032,0.0667
GLOBAL,PWRHYDMDVXX01,S1D2,2033,0.0667
GLOBAL,PWRHYDMDVXX01,S1D2,2034,0.0667
GLOBAL,PWRHYDMDVXX01,S1D2,2035,0.0667
GLOBAL,PWRHYDMDVXX01,S1D2,2036,0.0667
GLOBAL,PWRHYDMDVXX01,S1D2,2037,0.0667
GLOBAL,PWRHYDMDVXX01,S1D2,2038,0.0667
GLOBAL,PWRHYDMDVXX01,S1D2,2039,0.0667
GLOBAL,PWRHYDMDVXX01,S1D2,2040,0.0667
GLOBAL,PWRHYDMDVXX01,S1D2,2041,0.0667
GLOBAL,PWRHYDMDVXX01,S1D2,2042,0.0667
GLOBAL,PWRHYDMDVXX01,S1D2,2043,0.0667
GLOBAL,PWRHYDMDVXX01,S1D2,2044,0.0667
GLOBAL,PWRHYDMDVXX01,S1D2,2045,0.0667
GLOBAL,PWRHYDMDVXX01,S1D2,2046,0.0667
GLOBAL,PWRHYDMDVXX01,S1D2,2047,0.0667
GLOBAL,PWRHYDMDVXX01,S1D2,2048,0.0667
GLOBAL,PWRHYDMDVXX01,S1D2,2049,0.0667
GLOBAL,PWRHYDMDVXX01,S1D2,2050,0.0667
GLOBAL,PWRHYDMDVXX01,S1D3,2023,0.0667
GLOBAL,PWRHYDMDVXX01,S1D3,2024,0.0667
GLOBAL,PWRHYDMDVXX01,S1D3,2025,0.0667
GLOBAL,PWRHYDMDVXX01,S1D3,2026,0.0667
GLOBAL,PWRHYDMDVXX01,S1D3,2027,0.0667
GLOBAL,PWRHYDMDVXX01,S1D3,2028,0.0667
GLOBAL,PWRHYDMDVXX01,S1D3,2029,0.0667
GLOBAL,PWRHYDMDVXX01,S1D3,2030,0.0667
GLOBAL,PWRHYDMDVXX01,S1D3,2031,0.0667
GLOBAL,PWRHYDMDVXX01,S1D3,2032,0.0667
GLOBAL,PWRHYDMDVXX01,S1D3,2033,0.0667
GLOBAL,PWRHYDMDVXX01,S1D3,2034,0.0667
GLOBAL,PWRHYDMDVXX01,S1D3,2035,0.0667
GLOBAL,PWRHYDMDVXX01,S1D3,2036,0.0667
GLOBAL,PWRHYDMDVXX01,S1D3,2037,0.0667
GLOBAL,PWRHYDMDVXX01,S1D3,2038,0.0667
GLOBAL,PWRHYDMDVXX01,S1D3,2039,0.0667
GLOBAL,PWRHYDMDVXX01,S1D3,2040,0.0667
GLOBAL,PWRHYDMDVXX01,S1D3,2041,0.0667
GLOBAL,PWRHYDMDVXX01,S1D3,2042,0.0667
GLOBAL,PWRHYDMDVXX01,S1D3,2043,0.0667
GLOBAL,PWRHYDMDVXX01,S1D3,2044,0.0667
GLOBAL,PWRHYDMDVXX01,S1D3,2045,0.0667
GLOBAL,PWRHYDMDVXX01,S1D3,2046,0.0667
GLOBAL,PWRHYDMDVXX01,S1D3,2047,0.0667
GLOBAL,PWRHYDMDVXX01,S1D3,2048,0.0667
GLOBAL,PWRHYDMDVXX01,S1D3,2049,0.0667
GLOBAL,PWRHYDMDVXX01,S1D3,2050,0.0667
GLOBAL,PWRHYDMDVXX01,S2D1,2023,0.3578
GLOBAL,PWRHYDMDVXX01,S2D1,2024,0.3578
GLOBAL,PWRHYDMDVXX01,S2D1,2025,0.3578
GLOBAL,PWRHYDMDVXX01,S2D1,2026,0.3578
GLOBAL,PWRHYDMDVXX01,S2D1,2027,0.3578
GLOBAL,PWRHYDMDVXX01,S2D1,2028,0.3578
GLOBAL,PWRHYDMDVXX01,S2D1,2029,0.3578
GLOBAL,PWRHYDMDVXX01,S2D1,2030,0.3578
GLOBAL,PWRHYDMDVXX01,S2D1,2031,0.3578
GLOBAL,PWRHYDMDVXX01,S2D1,2032,0.3578
GLOBAL,PWRHYDMDVXX01,S2D1,2033,0.3578
GLOBAL,PWRHYDMDVXX01,S2D1,2034,0.3578
GLOBAL,PWRHYDMDVXX01,S2D1,2035,0.3578
GLOBAL,PWRHYDMDVXX01,S2D1,2036,0.3578
GLOBAL,PWRHYDMDVXX01,S2D1,2037,0.3578
GLOBAL,PWRHYDMDVXX01,S2D1,2038,0.3578
GLOBAL,PWRHYDMDVXX01,S2D1,2039,0.3578
GLOBAL,PWRHYDMDVXX01,S2D1,2040,0.3578
GLOBAL,PWRHYDMDVXX01,S2D1,2041,0.3578
GLOBAL,PWRHYDMDVXX01,S2D1,2042,0.3578
GLOBAL,PWRHYDMDVXX01,S2D1,2043,0.3578
GLOBAL,PWRHYDMDVXX01,S2D1,2044,0.3578
GLOBAL,PWRHYDMDVXX01,S2D1,2045,0.3578
GLOBAL,PWRHYDMDVXX01,S2D1,2046,0.3578
GLOBAL,PWRHYDMDVXX01,S2D1,2047,0.3578
GLOBAL,PWRHYDMDVXX01,S2D1,2048,0.3578
GLOBAL,PWRHYDMDVXX01,S2D1,2049,0.3578
GLOBAL,PWRHYDMDVXX01,S2D1,2050,0.3578
GLOBAL,PWRHYDMDVXX01,S2D2,2023,0.3578
GLOBAL,PWRHYDMDVXX01,S2D2,2024,0.3578
GLOBAL,PWRHYDMDVXX01,S2D2,2025,0.3578
GLOBAL,PWRHYDMDVXX01,S2D2,2026,0.3578
GLOBAL,PWRHYDMDVXX01,S2D2,2027,0.3578
GLOBAL,PWRHYDMDVXX01,S2D2,2028,0.3578
GLOBAL,PWRHYDMDVXX01,S2D2,2029,0.3578
GLOBAL,PWRHYDMDVXX01,S2D2,2030,0.3578
GLOBAL,PWRHYDMDVXX01,S2D2,2031,0.3578
GLOBAL,PWRHYDMDVXX01,S2D2,2032,0.3578
GLOBAL,PWRHYDMDVXX01,S2D2,2033,0.3578
GLOBAL,PWRHYDMDVXX01,S2D2,2034,0.3578
GLOBAL,PWRHYDMDVXX01,S2D2,2035,0.3578
GLOBAL,PWRHYDMDVXX01,S2D2,2036,0.3578
GLOBAL,PWRHYDMDVXX01,S2D2,2037,0.3578
GLOBAL,PWRHYDMDVXX01,S2D2,2038,0.3578
GLOBAL,PWRHYDMDVXX01,S2D2,2039,0.3578
GLOBAL,PWRHYDMDVXX01,S2D2,2040,0.3578
GLOBAL,PWRHYDMDVXX01,S2D2,2041,0.3578
GLOBAL,PWRHYDMDVXX01,S2D2,2042,0.3578
GLOBAL,PWRHYDMDVXX01,S2D2,2043,0.3578
GLOBAL,PWRHYDMDVXX01,S2D2,2044,0.3578
GLOBAL,PWRHYDMDVXX01,S2D2,2045,0.3578
GLOBAL,PWRHYDMDVXX01,S2D2,2046,0.3578
GLOBAL,PWRHYDMDVXX01,S2D2,2047,0.3578
GLOBAL,PWRHYDMDVXX01,S2D2,2048,0.3578
GLOBAL,PWRHYDMDVXX01,S2D2,2049,0.3578
GLOBAL,PWRHYDMDVXX01,S2D2,2050,0.3578
GLOBAL,PWRHYDMDVXX01,S2D3,2023,0.3578
GLOBAL,PWRHYDMDVXX01,S2D3,2024,0.3578
GLOBAL,PWRHYDMDVXX01,S2D3,2025,0.3578
GLOBAL,PWRHYDMDVXX01,S2D3,2026,0.3578
GLOBAL,PWRHYDMDVXX01,S2D3,2027,0.3578
GLOBAL,PWRHYDMDVXX01,S2D3,2028,0.3578
GLOBAL,PWRHYDMDVXX01,S2D3,2029,0.3578
GLOBAL,PWRHYDMDVXX01,S2D3,2030,0.3578
GLOBAL,PWRHYDMDVXX01,S2D3,2031,0.3578
GLOBAL,PWRHYDMDVXX01,S2D3,2032,0.3578
GLOBAL,PWRHYDMDVXX01,S2D3,2033,0.3578
GLOBAL,PWRHYDMDVXX01,S2D3,2034,0.3578
GLOBAL,PWRHYDMDVXX01,S2D3,2035,0.3578
GLOBAL,PWRHYDMDVXX01,S2D3,2036,0.3578
GLOBAL,PWRHYDMDVXX01,S2D3,2037,0.3578
GLOBAL,PWRHYDMDVXX01,S2D3,2038,0.3578
GLOBAL,PWRHYDMDVXX01,S2D3,2039,0.3578
GLOBAL,PWRHYDMDVXX01,S2D3,2040,0.3578
GLOBAL,PWRHYDMDVXX01,S2D3,2041,0.3578
GLOBAL,PWRHYDMDVXX01,S2D3,2042,0.3578
GLOBAL,PWRHYDMDVXX01,S2D3,2043,0.3578
GLOBAL,PWRHYDMDVXX01,S2D3,2044,0.3578
GLOBAL,PWRHYDMDVXX01,S2D3,2045,0.3578
GLOBAL,PWRHYDMDVXX01,S2D3,2046,0.3578
GLOBAL,PWRHYDMDVXX01,S2D3,2047,0.3578
GLOBAL,PWRHYDMDVXX01,S2D3,2048,0.3578
GLOBAL,PWRHYDMDVXX01,S2D3,2049,0.3578
GLOBAL,PWRHYDMDVXX01,S2D3,2050,0.3578
GLOBAL,PWRHYDMDVXX01,S3D1,2023,0.5396
GLOBAL,PWRHYDMDVXX01,S3D1,2024,0.5396
GLOBAL,PWRHYDMDVXX01,S3D1,2025,0.5396
GLOBAL,PWRHYDMDVXX01,S3D1,2026,0.5396
GLOBAL,PWRHYDMDVXX01,S3D1,2027,0.5396
GLOBAL,PWRHYDMDVXX01,S3D1,2028,0.5396
GLOBAL,PWRHYDMDVXX01,S3D1,2029,0.5396
GLOBAL,PWRHYDMDVXX01,S3D1,2030,0.5396
GLOBAL,PWRHYDMDVXX01,S3D1,2031,0.5396
GLOBAL,PWRHYDMDVXX01,S3D1,2032,0.5396
GLOBAL,PWRHYDMDVXX01,S3D1,2033,0.5396
GLOBAL,PWRHYDMDVXX01,S3D1,2034,0.5396
GLOBAL,PWRHYDMDVXX01,S3D1,2035,0.5396
GLOBAL,PWRHYDMDVXX01,S3D1,2036,0.5396
GLOBAL,PWRHYDMDVXX01,S3D1,2037,0.5396
GLOBAL,PWRHYDMDVXX01,S3D1,2038,0.5396
GLOBAL,PWRHYDMDVXX01,S3D1,2039,0.5396
GLOBAL,PWRHYDMDVXX01,S3D1,2040,0.5396
GLOBAL,PWRHYDMDVXX01,S3D1,2041,0.5396
GLOBAL,PWRHYDMDVXX01,S3D1,2042,0.5396
GLOBAL,PWRHYDMDVXX01,S3D1,2043,0.5396
GLOBAL,PWRHYDMDVXX01,S3D1,2044,0.5396
GLOBAL,PWRHYDMDVXX01,S3D1,2045,0.5396
GLOBAL,PWRHYDMDVXX01,S3D1,2046,0.5396
GLOBAL,PWRHYDMDVXX01,S3D1,2047,0.5396
GLOBAL,PWRHYDMDVXX01,S3D1,2048,0.5396
GLOBAL,PWRHYDMDVXX01,S3D1,2049,0.5396
GLOBAL,PWRHYDMDVXX01,S3D1,2050,0.5396
GLOBAL,PWRHYDMDVXX01,S3D2,2023,0.5396
GLOBAL,PWRHYDMDVXX01,S3D2,2024,0.5396
GLOBAL,PWRHYDMDVXX01,S3D2,2025,0.5396
GLOBAL,PWRHYDMDVXX01,S3D2,2026,0.5396
GLOBAL,PWRHYDMDVXX01,S3D2,2027,0.5396
GLOBAL,PWRHYDMDVXX01,S3D2,2028,0.5396
GLOBAL,PWRHYDMDVXX01,S3D2,2029,0.5396
GLOBAL,PWRHYDMDVXX01,S3D2,2030,0.5396
GLOBAL,PWRHYDMDVXX01,S3D2,2031,0.5396
GLOBAL,PWRHYDMDVXX01,S3D2,2032,0.5396
GLOBAL,PWRHYDMDVXX01,S3D2,2033,0.5396
GLOBAL,PWRHYDMDVXX01,S3D2,2034,0.5396
GLOBAL,PWRHYDMDVXX01,S3D2,2035,0.5396
GLOBAL,PWRHYDMDVXX01,S3D2,2036,0.5396
GLOBAL,PWRHYDMDVXX01,S3D2,2037,0.5396
GLOBAL,PWRHYDMDVXX01,S3D2,2038,0.5396
GLOBAL,PWRHYDMDVXX01,S3D2,2039,0.5396
GLOBAL,PWRHYDMDVXX01,S3D2,2040,0.5396
GLOBAL,PWRHYDMDVXX01,S3D2,2041,0.5396
GLOBAL,PWRHYDMDVXX01,S3D2,2042,0.5396
GLOBAL,PWRHYDMDVXX01,S3D2,2043,0.5396
GLOBAL,PWRHYDMDVXX01,S3D2,2044,0.5396
GLOBAL,PWRHYDMDVXX01,S3D2,2045,0.5396
GLOBAL,PWRHYDMDVXX01,S3D2,2046,0.5396
GLOBAL,PWRHYDMDVXX01,S3D2,2047,0.5396
GLOBAL,PWRHYDMDVXX01,S3D2,2048,0.5396
GLOBAL,PWRHYDMDVXX01,S3D2,2049,0.5396
GLOBAL,PWRHYDMDVXX01,S3D2,2050,0.5396
GLOBAL,PWRHYDMDVXX01,S3D3,2023,0.5396
GLOBAL,PWRHYDMDVXX01,S3D3,2024,0.5396
GLOBAL,PWRHYDMDVXX01,S3D3,2025,0.5396
GLOBAL,PWRHYDMDVXX01,S3D3,2026,0.5396
GLOBAL,PWRHYDMDVXX01,S3D3,2027,0.5396
GLOBAL,PWRHYDMDVXX01,S3D3,2028,0.5396
GLOBAL,PWRHYDMDVXX01,S3D3,2029,0.5396
GLOBAL,PWRHYDMDVXX01,S3D3,2030,0.5396
GLOBAL,PWRHYDMDVXX01,S3D3,2031,0.5396
GLOBAL,PWRHYDMDVXX01,S3D3,2032,0.5396
GLOBAL,PWRHYDMDVXX01,S3D3,2033,0.5396
GLOBAL,PWRHYDMDVXX01,S3D3,2034,0.5396
GLOBAL,PWRHYDMDVXX01,S3D3,2035,0.5396
GLOBAL,PWRHYDMDVXX01,S3D3,2036,0.5396
GLOBAL,PWRHYDMDVXX01,S3D3,2037,0.5396
GLOBAL,PWRHYDMDVXX01,S3D3,2038,0.5396
GLOBAL,PWRHYDMDVXX01,S3D3,2039,0.5396
GLOBAL,PWRHYDMDVXX01,S3D3,2040,0.5396
GLOBAL,PWRHYDMDVXX01,S3D3,2041,0.5396
GLOBAL,PWRHYDMDVXX01,S3D3,2042,0.5396
GLOBAL,PWRHYDMDVXX01,S3D3,2043,0.5396
GLOBAL,PWRHYDMDVXX01,S3D3,2044,0.5396
GLOBAL,PWRHYDMDVXX01,S3D3,2045,0.5396
GLOBAL,PWRHYDMDVXX01,S3D3,2046,0.5396
GLOBAL,PWRHYDMDVXX01,S3D3,2047,0.5396
GLOBAL,PWRHYDMDVXX01,S3D3,2048,0.5396
GLOBAL,PWRHYDMDVXX01,S3D3,2049,0.5396
GLOBAL,PWRHYDMDVXX01,S3D3,2050,0.5396
GLOBAL,PWRHYDMDVXX01,S4D1,2023,0.3867
GLOBAL,PWRHYDMDVXX01,S4D1,2024,0.3867
GLOBAL,PWRHYDMDVXX01,S4D1,2025,0.3867
GLOBAL,PWRHYDMDVXX01,S4D1,2026,0.3867
GLOBAL,PWRHYDMDVXX01,S4D1,2027,0.3867
GLOBAL,PWRHYDMDVXX01,S4D1,2028,0.3867
GLOBAL,PWRHYDMDVXX01,S4D1,2029,0.3867
GLOBAL,PWRHYDMDVXX01,S4D1,2030,0.3867
GLOBAL,PWRHYDMDVXX01,S4D1,2031,0.3867
GLOBAL,PWRHYDMDVXX01,S4D1,2032,0.3867
GLOBAL,PWRHYDMDVXX01,S4D1,2033,0.3867
GLOBAL,PWRHYDMDVXX01,S4D1,2034,0.3867
GLOBAL,PWRHYDMDVXX01,S4D1,2035,0.3867
GLOBAL,PWRHYDMDVXX01,S4D1,2036,0.3867
GLOBAL,PWRHYDMDVXX01,S4D1,2037,0.3867
GLOBAL,PWRHYDMDVXX01,S4D1,2038,0.3867
GLOBAL,PWRHYDMDVXX01,S4D1,2039,0.3867
GLOBAL,PWRHYDMDVXX01,S4D1,2040,0.3867
GLOBAL,PWRHYDMDVXX01,S4D1,2041,0.3867
GLOBAL,PWRHYDMDVXX01,S4D1,2042,0.3867
GLOBAL,PWRHYDMDVXX01,S4D1,2043,0.3867
GLOBAL,PWRHYDMDVXX01,S4D1,2044,0.3867
GLOBAL,PWRHYDMDVXX01,S4D1,2045,0.3867
GLOBAL,PWRHYDMDVXX01,S4D1,2046,0.3867
GLOBAL,PWRHYDMDVXX01,S4D1,2047,0.3867
GLOBAL,PWRHYDMDVXX01,S4D1,2048,0.3867
GLOBAL,PWRHYDMDVXX01,S4D1,2049,0.3867
GLOBAL,PWRHYDMDVXX01,S4D1,2050,0.3867
GLOBAL,PWRHYDMDVXX01,S4D2,2023,0.3867
GLOBAL,PWRHYDMDVXX01,S4D2,2024,0.3867
GLOBAL,PWRHYDMDVXX01,S4D2,2025,0.3867
GLOBAL,PWRHYDMDVXX01,S4D2,2026,0.3867
GLOBAL,PWRHYDMDVXX01,S4D2,2027,0.3867
GLOBAL,PWRHYDMDVXX01,S4D2,2028,0.3867
GLOBAL,PWRHYDMDVXX01,S4D2,2029,0.3867
GLOBAL,PWRHYDMDVXX01,S4D2,2030,0.3867
GLOBAL,PWRHYDMDVXX01,S4D2,2031,0.3867
GLOBAL,PWRHYDMDVXX01,S4D2,2032,0.3867
GLOBAL,PWRHYDMDVXX01,S4D2,2033,0.3867
GLOBAL,PWRHYDMDVXX01,S4D2,2034,0.3867
GLOBAL,PWRHYDMDVXX01,S4D2,2035,0.3867
GLOBAL,PWRHYDMDVXX01,S4D2,2036,0.3867
GLOBAL,PWRHYDMDVXX01,S4D2,2037,0.3867
GLOBAL,PWRHYDMDVXX01,S4D2,2038,0.3867
GLOBAL,PWRHYDMDVXX01,S4D2,2039,0.3867
GLOBAL,PWRHYDMDVXX01,S4D2,2040,0.3867
GLOBAL,PWRHYDMDVXX01,S4D2,2041,0.3867
GLOBAL,PWRHYDMDVXX01,S4D2,2042,0.3867
GLOBAL,PWRHYDMDVXX01,S4D2,2043,0.3867
GLOBAL,PWRHYDMDVXX01,S4D2,2044,0.3867
GLOBAL,PWRHYDMDVXX01,S4D2,2045,0.3867
GLOBAL,PWRHYDMDVXX01,S4D2,2046,0.3867
GLOBAL,PWRHYDMDVXX01,S4D2,2047,0.3867
GLOBAL,PWRHYDMDVXX01,S4D2,2048,0.3867
GLOBAL,PWRHYDMDVXX01,S4D2,2049,0.3867
GLOBAL,PWRHYDMDVXX01,S4D2,2050,0.3867
GLOBAL,PWRHYDMDVXX01,S4D3,2023,0.3867
GLOBAL,PWRHYDMDVXX01,S4D3,2024,0.3867
GLOBAL,PWRHYDMDVXX01,S4D3,2025,0.3867
GLOBAL,PWRHYDMDVXX01,S4D3,2026,0.3867
GLOBAL,PWRHYDMDVXX01,S4D3,2027,0.3867
GLOBAL,PWRHYDMDVXX01,S4D3,2028,0.3867
GLOBAL,PWRHYDMDVXX01,S4D3,2029,0.3867
GLOBAL,PWRHYDMDVXX01,S4D3,2030,0.3867
GLOBAL,PWRHYDMDVXX01,S4D3,2031,0.3867
GLOBAL,PWRHYDMDVXX01,S4D3,2032,0.3867
GLOBAL,PWRHYDMDVXX01,S4D3,2033,0.3867
GLOBAL,PWRHYDMDVXX01,S4D3,2034,0.3867
GLOBAL,PWRHYDMDVXX01,S4D3,2035,0.3867
GLOBAL,PWRHYDMDVXX01,S4D3,2036,0.3867
GLOBAL,PWRHYDMDVXX01,S4D3,2037,0.3867
GLOBAL,PWRHYDMDVXX01,S4D3,2038,0.3867
GLOBAL,PWRHYDMDVXX01,S4D3,2039,0.3867
GLOBAL,PWRHYDMDVXX01,S4D3,2040,0.3867
GLOBAL,PWRHYDMDVXX01,S4D3,2041,0.3867
GLOBAL,PWRHYDMDVXX01,S4D3,2042,0.3867
GLOBAL,PWRHYDMDVXX01,S4D3,2043,0.3867
GLOBAL,PWRHYDMDVXX01,S4D3,2044,0.3867
GLOBAL,PWRHYDMDVXX01,S4D3,2045,0.3867
GLOBAL,PWRHYDMDVXX01,S4D3,2046,0.3867
GLOBAL,PWRHYDMDVXX01,S4D3,2047,0.3867
GLOBAL,PWRHYDMDVXX01,S4D3,2048,0.3867
GLOBAL,PWRHYDMDVXX01,S4D3,2049,0.3867
GLOBAL,PWRHYDMDVXX01,S4D3,2050,0.3867
GLOBAL,PWRCSPMDVXX01,S1D1,2023,0.9524
GLOBAL,PWRCSPMDVXX01,S1D1,2024,0.9524
GLOBAL,PWRCSPMDVXX01,S1D1,2025,0.9524
GLOBAL,PWRCSPMDVXX01,S1D1,2026,0.9524
GLOBAL,PWRCSPMDVXX01,S1D1,2027,0.9524
GLOBAL,PWRCSPMDVXX01,S1D1,2028,0.9524
GLOBAL,PWRCSPMDVXX01,S1D1,2029,0.9524
GLOBAL,PWRCSPMDVXX01,S1D1,2030,0.9524
GLOBAL,PWRCSPMDVXX01,S1D1,2031,0.9524
GLOBAL,PWRCSPMDVXX01,S1D1,2032,0.9524
GLOBAL,PWRCSPMDVXX01,S1D1,2033,0.9524
GLOBAL,PWRCSPMDVXX01,S1D1,2034,0.9524
GLOBAL,PWRCSPMDVXX01,S1D1,2035,0.9524
GLOBAL,PWRCSPMDVXX01,S1D1,2036,0.9524
GLOBAL,PWRCSPMDVXX01,S1D1,2037,0.9524
GLOBAL,PWRCSPMDVXX01,S1D1,2038,0.9524
GLOBAL,PWRCSPMDVXX01,S1D1,2039,0.9524
GLOBAL,PWRCSPMDVXX01,S1D1,2040,0.9524
GLOBAL,PWRCSPMDVXX01,S1D1,2041,0.9524
GLOBAL,PWRCSPMDVXX01,S1D1,2042,0.9524
GLOBAL,PWRCSPMDVXX01,S1D1,2043,0.9524
GLOBAL,PWRCSPMDVXX01,S1D1,2044,0.9524
GLOBAL,PWRCSPMDVXX01,S1D1,2045,0.9524
GLOBAL,PWRCSPMDVXX01,S1D1,2046,0.9524
GLOBAL,PWRCSPMDVXX01,S1D1,2047,0.9524
GLOBAL,PWRCSPMDVXX01,S1D1,2048,0.9524
GLOBAL,PWRCSPMDVXX01,S1D1,2049,0.9524
GLOBAL,PWRCSPMDVXX01,S1D1,2050,0.9524
GLOBAL,PWRCSPMDVXX01,S1D2,2023,0.2837
GLOBAL,PWRCSPMDVXX01,S1D2,2024,0.2837
GLOBAL,PWRCSPMDVXX01,S1D2,2025,0.2837
GLOBAL,PWRCSPMDVXX01,S1D2,2026,0.2837
GLOBAL,PWRCSPMDVXX01,S1D2,2027,0.2837
GLOBAL,PWRCSPMDVXX01,S1D2,2028,0.2837
GLOBAL,PWRCSPMDVXX01,S1D2,2029,0.2837
GLOBAL,PWRCSPMDVXX01,S1D2,2030,0.2837
GLOBAL,PWRCSPMDVXX01,S1D2,2031,0.2837
GLOBAL,PWRCSPMDVXX01,S1D2,2032,0.2837
GLOBAL,PWRCSPMDVXX01,S1D2,2033,0.2837
GLOBAL,PWRCSPMDVXX01,S1D2,2034,0.2837
GLOBAL,PWRCSPMDVXX01,S1D2,2035,0.2837
GLOBAL,PWRCSPMDVXX01,S1D2,2036,0.2837
GLOBAL,PWRCSPMDVXX01,S1D2,2037,0.2837
GLOBAL,PWRCSPMDVXX01,S1D2,2038,0.2837
GLOBAL,PWRCSPMDVXX01,S1D2,2039,0.2837
GLOBAL,PWRCSPMDVXX01,S1D2,2040,0.2837
GLOBAL,PWRCSPMDVXX01,S1D2,2041,0.2837
GLOBAL,PWRCSPMDVXX01,S1D2,2042,0.2837
GLOBAL,PWRCSPMDVXX01,S1D2,2043,0.2837
GLOBAL,PWRCSPMDVXX01,S1D2,2044,0.2837
GLOBAL,PWRCSPMDVXX01,S1D2,2045,0.2837
GLOBAL,PWRCSPMDVXX01,S1D2,2046,0.2837
GLOBAL,PWRCSPMDVXX01,S1D2,2047,0.2837
GLOBAL,PWRCSPMDVXX01,S1D2,2048,0.2837
GLOBAL,PWRCSPMDVXX01,S1D2,2049,0.2837
GLOBAL,PWRCSPMDVXX01,S1D2,2050,0.2837
GLOBAL,PWRCSPMDVXX01,S1D3,2023,0.0001
GLOBAL,PWRCSPMDVXX01,S1D3,2024,0.0001
GLOBAL,PWRCSPMDVXX01,S1D3,2025,0.0001
GLOBAL,PWRCSPMDVXX01,S1D3,2026,0.0001
GLOBAL,PWRCSPMDVXX01,S1D3,2027,0.0001
GLOBAL,PWRCSPMDVXX01,S1D3,2028,0.0001
GLOBAL,PWRCSPMDVXX01,S1D3,2029,0.0001
GLOBAL,PWRCSPMDVXX01,S1D3,2030,0.0001
GLOBAL,PWRCSPMDVXX01,S1D3,2031,0.0001
GLOBAL,PWRCSPMDVXX01,S1D3,2032,0.0001
GLOBAL,PWRCSPMDVXX01,S1D3,2033,0.0001
GLOBAL,PWRCSPMDVXX01,S1D3,2034,0.0001
GLOBAL,PWRCSPMDVXX01,S1D3,2035,0.0001
GLOBAL,PWRCSPMDVXX01,S1D3,2036,0.0001
GLOBAL,PWRCSPMDVXX01,S1D3,2037,0.0001
GLOBAL,PWRCSPMDVXX01,S1D3,2038,0.0001
GLOBAL,PWRCSPMDVXX01,S1D3,2039,0.0001
GLOBAL,PWRCSPMDVXX01,S1D3,2040,0.0001
GLOBAL,PWRCSPMDVXX01,S1D3,2041,0.0001
GLOBAL,PWRCSPMDVXX01,S1D3,2042,0.0001
GLOBAL,PWRCSPMDVXX01,S1D3,2043,0.0001
GLOBAL,PWRCSPMDVXX01,S1D3,2044,0.0001
GLOBAL,PWRCSPMDVXX01,S1D3,2045,0.0001
GLOBAL,PWRCSPMDVXX01,S1D3,2046,0.0001
GLOBAL,PWRCSPMDVXX01,S1D3,2047,0.0001
GLOBAL,PWRCSPMDVXX01,S1D3,2048,0.0001
GLOBAL,PWRCSPMDVXX01,S1D3,2049,0.0001
GLOBAL,PWRCSPMDVXX01,S1D3,2050,0.0001
GLOBAL,PWRCSPMDVXX01,S2D1,2023,0.6508
GLOBAL,PWRCSPMDVXX01,S2D1,2024,0.6508
GLOBAL,PWRCSPMDVXX01,S2D1,2025,0.6508
GLOBAL,PWRCSPMDVXX01,S2D1,2026,0.6508
GLOBAL,PWRCSPMDVXX01,S2D1,2027,0.6508
GLOBAL,PWRCSPMDVXX01,S2D1,2028,0.6508
GLOBAL,PWRCSPMDVXX01,S2D1,2029,0.6508
GLOBAL,PWRCSPMDVXX01,S2D1,2030,0.6508
GLOBAL,PWRCSPMDVXX01,S2D1,2031,0.6508
GLOBAL,PWRCSPMDVXX01,S2D1,2032,0.6508
GLOBAL,PWRCSPMDVXX01,S2D1,2033,0.6508
GLOBAL,PWRCSPMDVXX01,S2D1,2034,0.6508
GLOBAL,PWRCSPMDVXX01,S2D1,2035,0.6508
GLOBAL,PWRCSPMDVXX01,S2D1,2036,0.6508
GLOBAL,PWRCSPMDVXX01,S2D1,2037,0.6508
GLOBAL,PWRCSPMDVXX01,S2D1,2038,0.6508
GLOBAL,PWRCSPMDVXX01,S2D1,2039,0.6508
GLOBAL,PWRCSPMDVXX01,S2D1,2040,0.6508
GLOBAL,PWRCSPMDVXX01,S2D1,2041,0.6508
GLOBAL,PWRCSPMDVXX01,S2D1,2042,0.6508
GLOBAL,PWRCSPMDVXX01,S2D1,2043,0.6508
GLOBAL,PWRCSPMDVXX01,S2D1,2044,0.6508
GLOBAL,PWRCSPMDVXX01,S2D1,2045,0.6508
GLOBAL,PWRCSPMDVXX01,S2D1,2046,0.6508
GLOBAL,PWRCSPMDVXX01,S2D1,2047,0.6508
GLOBAL,PWRCSPMDVXX01,S2D1,2048,0.6508
GLOBAL,PWRCSPMDVXX01,S2D1,2049,0.6508
GLOBAL,PWRCSPMDVXX01,S2D1,2050,0.6508
GLOBAL,PWRCSPMDVXX01,S2D2,2023,0.1982
GLOBAL,PWRCSPMDVXX01,S2D2,2024,0.1982
GLOBAL,PWRCSPMDVXX01,S2D2,2025,0.1982
GLOBAL,PWRCSPMDVXX01,S2D2,2026,0.1982
GLOBAL,PWRCSPMDVXX01,S2D2,2027,0.1982
GLOBAL,PWRCSPMDVXX01,S2D2,2028,0.1982
GLOBAL,PWRCSPMDVXX01,S2D2,2029,0.1982
GLOBAL,PWRCSPMDVXX01,S2D2,2030,0.1982
GLOBAL,PWRCSPMDVXX01,S2D2,2031,0.1982
GLOBAL,PWRCSPMDVXX01,S2D2,2032,0.1982
GLOBAL,PWRCSPMDVXX01,S2D2,2033,0.1982
GLOBAL,PWRCSPMDVXX01,S2D2,2034,0.1982
GLOBAL,PWRCSPMDVXX01,S2D2,2035,0.1982
GLOBAL,PWRCSPMDVXX01,S2D2,2036,0.1982
GLOBAL,PWRCSPMDVXX01,S2D2,2037,0.1982
GLOBAL,PWRCSPMDVXX01,S2D2,2038,0.1982
GLOBAL,PWRCSPMDVXX01,S2D2,2039,0.1982
GLOBAL,PWRCSPMDVXX01,S2D2,2040,0.1982
GLOBAL,PWRCSPMDVXX01,S2D2,2041,0.1982
GLOBAL,PWRCSPMDVXX01,S2D2,2042,0.1982
GLOBAL,PWRCSPMDVXX01,S2D2,2043,0.1982
GLOBAL,PWRCSPMDVXX01,S2D2,2044,0.1982
GLOBAL,PWRCSPMDVXX01,S2D2,2045,0.1982
GLOBAL,PWRCSPMDVXX01,S2D2,2046,0.1982
GLOBAL,PWRCSPMDVXX01,S2D2,2047,0.1982
GLOBAL,PWRCSPMDVXX01,S2D2,2048,0.1982
GLOBAL,PWRCSPMDVXX01,S2D2,2049,0.1982
GLOBAL,PWRCSPMDVXX01,S2D2,2050,0.1982
GLOBAL,PWRCSPMDVXX01,S2D3,2023,0.0003
GLOBAL,PWRCSPMDVXX01,S2D3,2024,0.0003
GLOBAL,PWRCSPMDVXX01,S2D3,2025,0.0003
GLOBAL,PWRCSPMDVXX01,S2D3,2026,0.0003
GLOBAL,PWRCSPMDVXX01,S2D3,2027,0.0003
GLOBAL,PWRCSPMDVXX01,S2D3,2028,0.0003
GLOBAL,PWRCSPMDVXX01,S2D3,2029,0.0003
GLOBAL,PWRCSPMDVXX01,S2D3,2030,0.0003
GLOBAL,PWRCSPMDVXX01,S2D3,2031,0.0003
GLOBAL,PWRCSPMDVXX01,S2D3,2032,0.0003
GLOBAL,PWRCSPMDVXX01,S2D3,2033,0.0003
GLOBAL,PWRCSPMDVXX01,S2D3,2034,0.0003
GLOBAL,PWRCSPMDVXX01,S2D3,2035,0.0003
GLOBAL,PWRCSPMDVXX01,S2D3,2036,0.0003
GLOBAL,PWRCSPMDVXX01,S2D3,2037,0.0003
GLOBAL,PWRCSPMDVXX01,S2D3,2038,0.0003
GLOBAL,PWRCSPMDVXX01,S2D3,2039,0.0003
GLOBAL,PWRCSPMDVXX01,S2D3,2040,0.0003
GLOBAL,PWRCSPMDVXX01,S2D3,2041,0.0003
GLOBAL,PWRCSPMDVXX01,S2D3,2042,0.0003
GLOBAL,PWRCSPMDVXX01,S2D3,2043,0.0003
GLOBAL,PWRCSPMDVXX01,S2D3,2044,0.0003
GLOBAL,PWRCSPMDVXX01,S2D3,2045,0.0003
GLOBAL,PWRCSPMDVXX01,S2D3,2046,0.0003
GLOBAL,PWRCSPMDVXX01,S2D3,2047,0.0003
GLOBAL,PWRCSPMDVXX01,S2D3,2048,0.0003
GLOBAL,PWRCSPMDVXX01,S2D3,2049,0.0003
GLOBAL,PWRCSPMDVXX01,S2D3,2050,0.0003
GLOBAL,PWRCSPMDVXX01,S3D1,2023,0.6855
GLOBAL,PWRCSPMDVXX01,S3D1,2024,0.6855
GLOBAL,PWRCSPMDVXX01,S3D1,2025,0.6855
GLOBAL,PWRCSPMDVXX01,S3D1,2026,0.6855
GLOBAL,PWRCSPMDVXX01,S3D1,2027,0.6855
GLOBAL,PWRCSPMDVXX01,S3D1,2028,0.6855
GLOBAL,PWRCSPMDVXX01,S3D1,2029,0.6855
GLOBAL,PWRCSPMDVXX01,S3D1,2030,0.6855
GLOBAL,PWRCSPMDVXX01,S3D1,2031,0.6855
GLOBAL,PWRCSPMDVXX01,S3D1,2032,0.6855
GLOBAL,PWRCSPMDVXX01,S3D1,2033,0.6855
GLOBAL,PWRCSPMDVXX01,S3D1,2034,0.6855
GLOBAL,PWRCSPMDVXX01,S3D1,2035,0.6855
GLOBAL,PWRCSPMDVXX01,S3D1,2036,0.6855
GLOBAL,PWRCSPMDVXX01,S3D1,2037,0.6855
GLOBAL,PWRCSPMDVXX01,S3D1,2038,0.6855
GLOBAL,PWRCSPMDVXX01,S3D1,2039,0.6855
GLOBAL,PWRCSPMDVXX01,S3D1,2040,0.6855
GLOBAL,PWRCSPMDVXX01,S3D1,2041,0.6855
GLOBAL,PWRCSPMDVXX01,S3D1,2042,0.6855
GLOBAL,PWRCSPMDVXX01,S3D1,2043,0.6855
GLOBAL,PWRCSPMDVXX01,S3D1,2044,0.6855
GLOBAL,PWRCSPMDVXX01,S3D1,2045,0.6855
GLOBAL,PWRCSPMDVXX01,S3D1,2046,0.6855
GLOBAL,PWRCSPMDVXX01,S3D1,2047,0.6855
GLOBAL,PWRCSPMDVXX01,S3D1,2048,0.6855
GLOBAL,PWRCSPMDVXX01,S3D1,2049,0.6855
GLOBAL,PWRCSPMDVXX01,S3D1,2050,0.6855
GLOBAL,PWRCSPMDVXX01,S3D2,2023,0.2076
GLOBAL,PWRCSPMDVXX01,S3D2,2024,0.2076
GLOBAL,PWRCSPMDVXX01,S3D2,2025,0.2076
GLOBAL,PWRCSPMDVXX01,S3D2,2026,0.2076
GLOBAL,PWRCSPMDVXX01,S3D2,2027,0.2076
GLOBAL,PWRCSPMDVXX01,S3D2,2028,0.2076
GLOBAL,PWRCSPMDVXX01,S3D2,2029,0.2076
GLOBAL,PWRCSPMDVXX01,S3D2,2030,0.2076
GLOBAL,PWRCSPMDVXX01,S3D2,2031,0.2076
GLOBAL,PWRCSPMDVXX01,S3D2,2032,0.2076
GLOBAL,PWRCSPMDVXX01,S3D2,2033,0.2076
GLOBAL,PWRCSPMDVXX01,S3D2,2034,0.2076
GLOBAL,PWRCSPMDVXX01,S3D2,2035,0.2076
GLOBAL,PWRCSPMDVXX01,S3D2,2036,0.2076
GLOBAL,PWRCSPMDVXX01,S3D2,2037,0.2076
GLOBAL,PWRCSPMDVXX01,S3D2,2038,0.2076
GLOBAL,PWRCSPMDVXX01,S3D2,2039,0.2076
GLOBAL,PWRCSPMDVXX01,S3D2,2040,0.2076
GLOBAL,PWRCSPMDVXX01,S3D2,2041,0.2076
GLOBAL,PWRCSPMDVXX01,S3D2,2042,0.2076
GLOBAL,PWRCSPMDVXX01,S3D2,2043,0.2076
GLOBAL,PWRCSPMDVXX01,S3D2,2044,0.2076
GLOBAL,PWRCSPMDVXX01,S3D2,2045,0.2076
GLOBAL,PWRCSPMDVXX01,S3D2,2046,0.2076
GLOBAL,PWRCSPMDVXX01,S3D2,2047,0.2076
GLOBAL,PWRCSPMDVXX01,S3D2,2048,0.2076
GLOBAL,PWRCSPMDVXX01,S3D2,2049,0.2076
GLOBAL,PWRCSPMDVXX01,S3D2,2050,0.2076
GLOBAL,PWRCSPMDVXX01,S3D3,2023,0.0003
GLOBAL,PWRCSPMDVXX01,S3D3,2024,0.0003
GLOBAL,PWRCSPMDVXX01,S3D3,2025,0.0003
GLOBAL,PWRCSPMDVXX01,S3D3,2026,0.0003
GLOBAL,PWRCSPMDVXX01,S3D3,2027,0.0003
GLOBAL,PWRCSPMDVXX01,S3D3,2028,0.0003
GLOBAL,PWRCSPMDVXX01,S3D3,2029,0.0003
GLOBAL,PWRCSPMDVXX01,S3D3,2030,0.0003
GLOBAL,PWRCSPMDVXX01,S3D3,2031,0.0003
GLOBAL,PWRCSPMDVXX01,S3D3,2032,0.0003
GLOBAL,PWRCSPMDVXX01,S3D3,2033,0.0003
GLOBAL,PWRCSPMDVXX01,S3D3,2034,0.0003
GLOBAL,PWRCSPMDVXX01,S3D3,2035,0.0003
GLOBAL,PWRCSPMDVXX01,S3D3,2036,0.0003
GLOBAL,PWRCSPMDVXX01,S3D3,2037,0.0003
GLOBAL,PWRCSPMDVXX01,S3D3,2038,0.0003
GLOBAL,PWRCSPMDVXX01,S3D3,2039,0.0003
GLOBAL,PWRCSPMDVXX01,S3D3,2040,0.0003
GLOBAL,PWRCSPMDVXX01,S3D3,2041,0.0003
GLOBAL,PWRCSPMDVXX01,S3D3,2042,0.0003
GLOBAL,PWRCSPMDVXX01,S3D3,2043,0.0003
GLOBAL,PWRCSPMDVXX01,S3D3,2044,0.0003
GLOBAL,PWRCSPMDVXX01,S3D3,2045,0.0003
GLOBAL,PWRCSPMDVXX01,S3D3,2046,0.0003
GLOBAL,PWRCSPMDVXX01,S3D3,2047,0.0003
GLOBAL,PWRCSPMDVXX01,S3D3,2048,0.0003
GLOBAL,PWRCSPMDVXX01,S3D3,2049,0.0003
GLOBAL,PWRCSPMDVXX01,S3D3,2050,0.0003
GLOBAL,PWRCSPMDVXX01,S4D1,2023,0.6861
GLOBAL,PWRCSPMDVXX01,S4D1,2024,0.6861
GLOBAL,PWRCSPMDVXX01,S4D1,2025,0.6861
GLOBAL,PWRCSPMDVXX01,S4D1,2026,0.6861
GLOBAL,PWRCSPMDVXX01,S4D1,2027,0.6861
GLOBAL,PWRCSPMDVXX01,S4D1,2028,0.6861
GLOBAL,PWRCSPMDVXX01,S4D1,2029,0.6861
GLOBAL,PWRCSPMDVXX01,S4D1,2030,0.6861
GLOBAL,PWRCSPMDVXX01,S4D1,2031,0.6861
GLOBAL,PWRCSPMDVXX01,S4D1,2032,0.6861
GLOBAL,PWRCSPMDVXX01,S4D1,2033,0.6861
GLOBAL,PWRCSPMDVXX01,S4D1,2034,0.6861
GLOBAL,PWRCSPMDVXX01,S4D1,2035,0.6861
GLOBAL,PWRCSPMDVXX01,S4D1,2036,0.6861
GLOBAL,PWRCSPMDVXX01,S4D1,2037,0.6861
GLOBAL,PWRCSPMDVXX01,S4D1,2038,0.6861
GLOBAL,PWRCSPMDVXX01,S4D1,2039,0.6861
GLOBAL,PWRCSPMDVXX01,S4D1,2040,0.6861
GLOBAL,PWRCSPMDVXX01,S4D1,2041,0.6861
GLOBAL,PWRCSPMDVXX01,S4D1,2042,0.6861
GLOBAL,PWRCSPMDVXX01,S4D1,2043,0.6861
GLOBAL,PWRCSPMDVXX01,S4D1,2044,0.6861
GLOBAL,PWRCSPMDVXX01,S4D1,2045,0.6861
GLOBAL,PWRCSPMDVXX01,S4D1,2046,0.6861
GLOBAL,PWRCSPMDVXX01,S4D1,2047,0.6861
GLOBAL,PWRCSPMDVXX01,S4D1,2048,0.6861
GLOBAL,PWRCSPMDVXX01,S4D1,2049,0.6861
GLOBAL,PWRCSPMDVXX01,S4D1,2050,0.6861
GLOBAL,PWRCSPMDVXX01,S4D2,2023,0.1862
GLOBAL,PWRCSPMDVXX01,S4D2,2024,0.1862
GLOBAL,PWRCSPMDVXX01,S4D2,2025,0.1862
GLOBAL,PWRCSPMDVXX01,S4D2,2026,0.1862
GLOBAL,PWRCSPMDVXX01,S4D2,2027,0.1862
GLOBAL,PWRCSPMDVXX01,S4D2,2028,0.1862
GLOBAL,PWRCSPMDVXX01,S4D2,2029,0.1862
GLOBAL,PWRCSPMDVXX01,S4D2,2030,0.1862
GLOBAL,PWRCSPMDVXX01,S4D2,2031,0.1862
GLOBAL,PWRCSPMDVXX01,S4D2,2032,0.1862
GLOBAL,PWRCSPMDVXX01,S4D2,2033,0.1862
GLOBAL,PWRCSPMDVXX01,S4D2,2034,0.1862
GLOBAL,PWRCSPMDVXX01,S4D2,2035,0.1862
GLOBAL,PWRCSPMDVXX01,S4D2,2036,0.1862
GLOBAL,PWRCSPMDVXX01,S4D2,2037,0.1862
GLOBAL,PWRCSPMDVXX01,S4D2,2038,0.1862
GLOBAL,PWRCSPMDVXX01,S4D2,2039,0.1862
GLOBAL,PWRCSPMDVXX01,S4D2,2040,0.1862
GLOBAL,PWRCSPMDVXX01,S4D2,2041,0.1862
GLOBAL,PWRCSPMDVXX01,S4D2,2042,0.1862
GLOBAL,PWRCSPMDVXX01,S4D2,2043,0.1862
GLOBAL,PWRCSPMDVXX01,S4D2,2044,0.1862
GLOBAL,PWRCSPMDVXX01,S4D2,2045,0.1862
GLOBAL,PWRCSPMDVXX01,S4D2,2046,0.1862
GLOBAL,PWRCSPMDVXX01,S4D2,2047,0.1862
GLOBAL,PWRCSPMDVXX01,S4D2,2048,0.1862
GLOBAL,PWRCSPMDVXX01,S4D2,2049,0.1862
GLOBAL,PWRCSPMDVXX01,S4D2,2050,0.1862
GLOBAL,PWRCSPMDVXX01,S4D3,2023,0.0
GLOBAL,PWRCSPMDVXX01,S4D3,2024,0.0
GLOBAL,PWRCSPMDVXX01,S4D3,2025,0.0
GLOBAL,PWRCSPMDVXX01,S4D3,2026,0.0
GLOBAL,PWRCSPMDVXX01,S4D3,2027,0.0
GLOBAL,PWRCSPMDVXX01,S4D3,2028,0.0
GLOBAL,PWRCSPMDVXX01,S4D3,2029,0.0
GLOBAL,PWRCSPMDVXX01,S4D3,2030,0.0
GLOBAL,PWRCSPMDVXX01,S4D3,2031,0.0
GLOBAL,PWRCSPMDVXX01,S4D3,2032,0.0
GLOBAL,PWRCSPMDVXX01,S4D3,2033,0.0
GLOBAL,PWRCSPMDVXX01,S4D3,2034,0.0
GLOBAL,PWRCSPMDVXX01,S4D3,2035,0.0
GLOBAL,PWRCSPMDVXX01,S4D3,2036,0.0
GLOBAL,PWRCSPMDVXX01,S4D3,2037,0.0
GLOBAL,PWRCSPMDVXX01,S4D3,2038,0.0
GLOBAL,PWRCSPMDVXX01,S4D3,2039,0.0
GLOBAL,PWRCSPMDVXX01,S4D3,2040,0.0
GLOBAL,PWRCSPMDVXX01,S4D3,2041,0.0
GLOBAL,PWRCSPMDVXX01,S4D3,2042,0.0
GLOBAL,PWRCSPMDVXX01,S4D3,2043,0.0
GLOBAL,PWRCSPMDVXX01,S4D3,2044,0.0
GLOBAL,PWRCSPMDVXX01,S4D3,2045,0.0
GLOBAL,PWRCSPMDVXX01,S4D3,2046,0.0
GLOBAL,PWRCSPMDVXX01,S4D3,2047,0.0
GLOBAL,PWRCSPMDVXX01,S4D3,2048,0.0
GLOBAL,PWRCSPMDVXX01,S4D3,2049,0.0
GLOBAL,PWRCSPMDVXX01,S4D3,2050,0.0
GLOBAL,PWRSPVMDVXX01,S1D1,2023,0.3808
GLOBAL,PWRSPVMDVXX01,S1D1,2024,0.3808
GLOBAL,PWRSPVMDVXX01,S1D1,2025,0.3808
GLOBAL,PWRSPVMDVXX01,S1D1,2026,0.3808
GLOBAL,PWRSPVMDVXX01,S1D1,2027,0.3808
GLOBAL,PWRSPVMDVXX01,S1D1,2028,0.3808
GLOBAL,PWRSPVMDVXX01,S1D1,2029,0.3808
GLOBAL,PWRSPVMDVXX01,S1D1,2030,0.3808
GLOBAL,PWRSPVMDVXX01,S1D1,2031,0.3808
GLOBAL,PWRSPVMDVXX01,S1D1,2032,0.3808
GLOBAL,PWRSPVMDVXX01,S1D1,2033,0.3808
GLOBAL,PWRSPVMDVXX01,S1D1,2034,0.3808
GLOBAL,PWRSPVMDVXX01,S1D1,2035,0.3808
GLOBAL,PWRSPVMDVXX01,S1D1,2036,0.3808
GLOBAL,PWRSPVMDVXX01,S1D1,2037,0.3808
GLOBAL,PWRSPVMDVXX01,S1D1,2038,0.3808
GLOBAL,PWRSPVMDVXX01,S1D1,2039,0.3808
GLOBAL,PWRSPVMDVXX01,S1D1,2040,0.3808
GLOBAL,PWRSPVMDVXX01,S1D1,2041,0.3808
GLOBAL,PWRSPVMDVXX01,S1D1,2042,0.3808
GLOBAL,PWRSPVMDVXX01,S1D1,2043,0.3808
GLOBAL,PWRSPVMDVXX01,S1D1,2044,0.3808
GLOBAL,PWRSPVMDVXX01,S1D1,2045,0.3808
GLOBAL,PWRSPVMDVXX01,S1D1,2046,0.3808
GLOBAL,PWRSPVMDVXX01,S1D1,2047,0.3808
GLOBAL,PWRSPVMDVXX01,S1D1,2048,0.3808
GLOBAL,PWRSPVMDVXX01,S1D1,2049,0.3808
GLOBAL,PWRSPVMDVXX01,S1D1,2050,0.3808
GLOBAL,PWRSPVMDVXX01,S1D2,2023,0.1134
GLOBAL,PWRSPVMDVXX01,S1D2,2024,0.1134
GLOBAL,PWRSPVMDVXX01,S1D2,2025,0.1134
GLOBAL,PWRSPVMDVXX01,S1D2,2026,0.1134
GLOBAL,PWRSPVMDVXX01,S1D2,2027,0.1134
GLOBAL,PWRSPVMDVXX01,S1D2,2028,0.1134
GLOBAL,PWRSPVMDVXX01,S1D2,2029,0.1134
GLOBAL,PWRSPVMDVXX01,S1D2,2030,0.1134
GLOBAL,PWRSPVMDVXX01,S1D2,2031,0.1134
GLOBAL,PWRSPVMDVXX01,S1D2,2032,0.1134
GLOBAL,PWRSPVMDVXX01,S1D2,2033,0.1134
GLOBAL,PWRSPVMDVXX01,S1D2,2034,0.1134
GLOBAL,PWRSPVMDVXX01,S1D2,2035,0.1134
GLOBAL,PWRSPVMDVXX01,S1D2,2036,0.1134
GLOBAL,PWRSPVMDVXX01,S1D2,2037,0.1134
GLOBAL,PWRSPVMDVXX01,S1D2,2038,0.1134
GLOBAL,PWRSPVMDVXX01,S1D2,2039,0.1134
GLOBAL,PWRSPVMDVXX01,S1D2,2040,0.1134
GLOBAL,PWRSPVMDVXX01,S1D2,2041,0.1134
GLOBAL,PWRSPVMDVXX01,S1D2,2042,0.1134
GLOBAL,PWRSPVMDVXX01,S1D2,2043,0.1134
GLOBAL,PWRSPVMDVXX01,S1D2,2044,0.1134
GLOBAL,PWRSPVMDVXX01,S1D2,2045,0.1134
GLOBAL,PWRSPVMDVXX01,S1D2,2046,0.1134
GLOBAL,PWRSPVMDVXX01,S1D2,2047,0.1134
GLOBAL,PWRSPVMDVXX01,S1D2,2048,0.1134
GLOBAL,PWRSPVMDVXX01,S1D2,2049,0.1134
GLOBAL,PWRSPVMDVXX01,S1D2,2050,0.1134
GLOBAL,PWRSPVMDVXX01,S1D3,2023,0.0
GLOBAL,PWRSPVMDVXX01,S1D3,2024,0.0
GLOBAL,PWRSPVMDVXX01,S1D3,2025,0.0
GLOBAL,PWRSPVMDVXX01,S1D3,2026,0.0
GLOBAL,PWRSPVMDVXX01,S1D3,2027,0.0
GLOBAL,PWRSPVMDVXX01,S1D3,2028,0.0
GLOBAL,PWRSPVMDVXX01,S1D3,2029,0.0
GLOBAL,PWRSPVMDVXX01,S1D3,2030,0.0
GLOBAL,PWRSPVMDVXX01,S1D3,2031,0.0
GLOBAL,PWRSPVMDVXX01,S1D3,2032,0.0
GLOBAL,PWRSPVMDVXX01,S1D3,2033,0.0
GLOBAL,PWRSPVMDVXX01,S1D3,2034,0.0
GLOBAL,PWRSPVMDVXX01,S1D3,2035,0.0
GLOBAL,PWRSPVMDVXX01,S1D3,2036,0.0
GLOBAL,PWRSPVMDVXX01,S1D3,2037,0.0
GLOBAL,PWRSPVMDVXX01,S1D3,2038,0.0
GLOBAL,PWRSPVMDVXX01,S1D3,2039,0.0
GLOBAL,PWRSPVMDVXX01,S1D3,2040,0.0
GLOBAL,PWRSPVMDVXX01,S1D3,2041,0.0
GLOBAL,PWRSPVMDVXX01,S1D3,2042,0.0
GLOBAL,PWRSPVMDVXX01,S1D3,2043,0.0
GLOBAL,PWRSPVMDVXX01,S1D3,2044,0.0
GLOBAL,PWRSPVMDVXX01,S1D3,2045,0.0
GLOBAL,PWRSPVMDVXX01,S1D3,2046,0.0
GLOBAL,PWRSPVMDVXX01,S1D3,2047,0.0
GLOBAL,PWRSPVMDVXX01,S1D3,2048,0.0
GLOBAL,PWRSPVMDVXX01,S1D3,2049,0.0
GLOBAL,PWRSPVMDVXX01,S1D3,2050,0.0
GLOBAL,PWRSPVMDVXX01,S2D1,2023,0.2602
GLOBAL,PWRSPVMDVXX01,S2D1,2024,0.2602
GLOBAL,PWRSPVMDVXX01,S2D1,2025,0.2602
GLOBAL,PWRSPVMDVXX01,S2D1,2026,0.2602
GLOBAL,PWRSPVMDVXX01,S2D1,2027,0.2602
GLOBAL,PWRSPVMDVXX01,S2D1,2028,0.2602
GLOBAL,PWRSPVMDVXX01,S2D1,2029,0.2602
GLOBAL,PWRSPVMDVXX01,S2D1,2030,0.2602
GLOBAL,PWRSPVMDVXX01,S2D1,2031,0.2602
GLOBAL,PWRSPVMDVXX01,S2D1,2032,0.2602
GLOBAL,PWRSPVMDVXX01,S2D1,2033,0.2602
GLOBAL,PWRSPVMDVXX01,S2D1,2034,0.2602
GLOBAL,PWRSPVMDVXX01,S2D1,2035,0.2602
GLOBAL,PWRSPVMDVXX01,S2D1,2036,0.2602
GLOBAL,PWRSPVMDVXX01,S2D1,2037,0.2602
GLOBAL,PWRSPVMDVXX01,S2D1,2038,0.2602
GLOBAL,PWRSPVMDVXX01,S2D1,2039,0.2602
GLOBAL,PWRSPVMDVXX01,S2D1,2040,0.2602
GLOBAL,PWRSPVMDVXX01,S2D1,2041,0.2602
GLOBAL,PWRSPVMDVXX01,S2D1,2042,0.2602
GLOBAL,PWRSPVMDVXX01,S2D1,2043,0.2602
GLOBAL,PWRSPVMDVXX01,S2D1,2044,0.2602
GLOBAL,PWRSPVMDVXX01,S2D1,2045,0.2602
GLOBAL,PWRSPVMDVXX01,S2D1,2046,0.2602
GLOBAL,PWRSPVMDVXX01,S2D1,2047,0.2602
GLOBAL,PWRSPVMDVXX01,S2D1,2048,0.2602
GLOBAL,PWRSPVMDVXX01,S2D1,2049,0.2602
GLOBAL,PWRSPVMDVXX01,S2D1,2050,0.2602
GLOBAL,PWRSPVMDVXX01,S2D2,2023,0.0792
GLOBAL,PWRSPVMDVXX01,S2D2,2024,0.0792
GLOBAL,PWRSPVMDVXX01,S2D2,2025,0.0792
GLOBAL,PWRSPVMDVXX01,S2D2,2026,0.0792
GLOBAL,PWRSPVMDVXX01,S2D2,2027,0.0792
GLOBAL,PWRSPVMDVXX01,S2D2,2028,0.0792
GLOBAL,PWRSPVMDVXX01,S2D2,2029,0.0792
GLOBAL,PWRSPVMDVXX01,S2D2,2030,0.0792
GLOBAL,PWRSPVMDVXX01,S2D2,2031,0.0792
GLOBAL,PWRSPVMDVXX01,S2D2,2032,0.0792
GLOBAL,PWRSPVMDVXX01,S2D2,2033,0.0792
GLOBAL,PWRSPVMDVXX01,S2D2,2034,0.0792
GLOBAL,PWRSPVMDVXX01,S2D2,2035,0.0792
GLOBAL,PWRSPVMDVXX01,S2D2,2036,0.0792
GLOBAL,PWRSPVMDVXX01,S2D2,2037,0.0792
GLOBAL,PWRSPVMDVXX01,S2D2,2038,0.0792
GLOBAL,PWRSPVMDVXX01,S2D2,2039,0.0792
GLOBAL,PWRSPVMDVXX01,S2D2,2040,0.0792
GLOBAL,PWRSPVMDVXX01,S2D2,2041,0.0792
GLOBAL,PWRSPVMDVXX01,S2D2,2042,0.0792
GLOBAL,PWRSPVMDVXX01,S2D2,2043,0.0792
GLOBAL,PWRSPVMDVXX01,S2D2,2044,0.0792
GLOBAL,PWRSPVMDVXX01,S2D2,2045,0.0792
GLOBAL,PWRSPVMDVXX01,S2D2,2046,0.0792
GLOBAL,PWRSPVMDVXX01,S2D2,2047,0.0792
GLOBAL,PWRSPVMDVXX01,S2D2,2048,0.0792
GLOBAL,PWRSPVMDVXX01,S2D2,2049,0.0792
GLOBAL,PWRSPVMDVXX01,S2D2,2050,0.0792
GLOBAL,PWRSPVMDVXX01,S2D3,2023,0.0001
GLOBAL,PWRSPVMDVXX01,S2D3,2024,0.0001
GLOBAL,PWRSPVMDVXX01,S2D3,2025,0.0001
GLOBAL,PWRSPVMDVXX01,S2D3,2026,0.0001
GLOBAL,PWRSPVMDVXX01,S2D3,2027,0.0001
GLOBAL,PWRSPVMDVXX01,S2D3,2028,0.0001
GLOBAL,PWRSPVMDVXX01,S2D3,2029,0.0001
GLOBAL,PWRSPVMDVXX01,S2D3,2030,0.0001
GLOBAL,PWRSPVMDVXX01,S2D3,2031,0.0001
GLOBAL,PWRSPVMDVXX01,S2D3,2032,0.0001
GLOBAL,PWRSPVMDVXX01,S2D3,2033,0.0001
GLOBAL,PWRSPVMDVXX01,S2D3,2034,0.0001
GLOBAL,PWRSPVMDVXX01,S2D3,2035,0.0001
GLOBAL,PWRSPVMDVXX01,S2D3,2036,0.0001
GLOBAL,PWRSPVMDVXX01,S2D3,2037,0.0001
GLOBAL,PWRSPVMDVXX01,S2D3,2038,0.0001
GLOBAL,PWRSPVMDVXX01,S2D3,2039,0.0001
GLOBAL,PWRSPVMDVXX01,S2D3,2040,0.0001
GLOBAL,PWRSPVMDVXX01,S2D3,2041,0.0001
GLOBAL,PWRSPVMDVXX01,S2D3,2042,0.0001
GLOBAL,PWRSPVMDVXX01,S2D3,2043,0.0001
GLOBAL,PWRSPVMDVXX01,S2D3,2044,0.0001
GLOBAL,PWRSPVMDVXX01,S2D3,2045,0.0001
GLOBAL,PWRSPVMDVXX01,S2D3,2046,0.0001
GLOBAL,PWRSPVMDVXX01,S2D3,2047,0.0001
GLOBAL,PWRSPVMDVXX01,S2D3,2048,0.0001
GLOBAL,PWRSPVMDVXX01,S2D3,2049,0.0001
GLOBAL,PWRSPVMDVXX01,S2D3,2050,0.0001
GLOBAL,PWRSPVMDVXX01,S3D1,2023,0.2741
GLOBAL,PWRSPVMDVXX01,S3D1,2024,0.2741
GLOBAL,PWRSPVMDVXX01,S3D1,2025,0.2741
GLOBAL,PWRSPVMDVXX01,S3D1,2026,0.2741
GLOBAL,PWRSPVMDVXX01,S3D1,2027,0.2741
GLOBAL,PWRSPVMDVXX01,S3D1,2028,0.2741
GLOBAL,PWRSPVMDVXX01,S3D1,2029,0.2741
GLOBAL,PWRSPVMDVXX01,S3D1,2030,0.2741
GLOBAL,PWRSPVMDVXX01,S3D1,2031,0.2741
GLOBAL,PWRSPVMDVXX01,S3D1,2032,0.2741
GLOBAL,PWRSPVMDVXX01,S3D1,2033,0.2741
GLOBAL,PWRSPVMDVXX01,S3D1,2034,0.2741
GLOBAL,PWRSPVMDVXX01,S3D1,2035,0.2741
GLOBAL,PWRSPVMDVXX01,S3D1,2036,0.2741
GLOBAL,PWRSPVMDVXX01,S3D1,2037,0.2741
GLOBAL,PWRSPVMDVXX01,S3D1,2038,0.2741
GLOBAL,PWRSPVMDVXX01,S3D1,2039,0.2741
GLOBAL,PWRSPVMDVXX01,S3D1,2040,0.2741
GLOBAL,PWRSPVMDVXX01,S3D1,2041,0.2741
GLOBAL,PWRSPVMDVXX01,S3D1,2042,0.2741
GLOBAL,PWRSPVMDVXX01,S3D1,2043,0.2741
GLOBAL,PWRSPVMDVXX01,S3D1,2044,0.2741
GLOBAL,PWRSPVMDVXX01,S3D1,2045,0.2741
GLOBAL,PWRSPVMDVXX01,S3D1,2046,0.2741
GLOBAL,PWRSPVMDVXX01,S3D1,2047,0.2741
GLOBAL,PWRSPVMDVXX01,S3D1,2048,0.2741
GLOBAL,PWRSPVMDVXX01,S3D1,2049,0.2741
GLOBAL,PWRSPVMDVXX01,S3D1,2050,0.2741
GLOBAL,PWRSPVMDVXX01,S3D2,2023,0.083
GLOBAL,PWRSPVMDVXX01,S3D2,2024,0.083
GLOBAL,PWRSPVMDVXX01,S3D2,2025,0.083
GLOBAL,PWRSPVMDVXX01,S3D2,2026,0.083
GLOBAL,PWRSPVMDVXX01,S3D2,2027,0.083
GLOBAL,PWRSPVMDVXX01,S3D2,2028,0.083
GLOBAL,PWRSPVMDVXX01,S3D2,2029,0.083
GLOBAL,PWRSPVMDVXX01,S3D2,2030,0.083
GLOBAL,PWRSPVMDVXX01,S3D2,2031,0.083
GLOBAL,PWRSPVMDVXX01,S3D2,2032,0.083
GLOBAL,PWRSPVMDVXX01,S3D2,2033,0.083
GLOBAL,PWRSPVMDVXX01,S3D2,2034,0.083
GLOBAL,PWRSPVMDVXX01,S3D2,2035,0.083
GLOBAL,PWRSPVMDVXX01,S3D2,2036,0.083
GLOBAL,PWRSPVMDVXX01,S3D2,2037,0.083
GLOBAL,PWRSPVMDVXX01,S3D2,2038,0.083
GLOBAL,PWRSPVMDVXX01,S3D2,2039,0.083
GLOBAL,PWRSPVMDVXX01,S3D2,2040,0.083
GLOBAL,PWRSPVMDVXX01,S3D2,2041,0.083
GLOBAL,PWRSPVMDVXX01,S3D2,2042,0.083
GLOBAL,PWRSPVMDVXX01,S3D2,2043,0.083
GLOBAL,PWRSPVMDVXX01,S3D2,2044,0.083
GLOBAL,PWRSPVMDVXX01,S3D2,2045,0.083
GLOBAL,PWRSPVMDVXX01,S3D2,2046,0.083
GLOBAL,PWRSPVMDVXX01,S3D2,2047,0.083
GLOBAL,PWRSPVMDVXX01,S3D2,2048,0.083
GLOBAL,PWRSPVMDVXX01,S3D2,2049,0.083
GLOBAL,PWRSPVMDVXX01,S3D2,2050,0.083
GLOBAL,PWRSPVMDVXX01,S3D3,2023,0.0001
GLOBAL,PWRSPVMDVXX01,S3D3,2024,0.0001
GLOBAL,PWRSPVMDVXX01,S3D3,2025,0.0001
GLOBAL,PWRSPVMDVXX01,S3D3,2026,0.0001
GLOBAL,PWRSPVMDVXX01,S3D3,2027,0.0001
GLOBAL,PWRSPVMDVXX01,S3D3,2028,0.0001
GLOBAL,PWRSPVMDVXX01,S3D3,2029,0.0001
GLOBAL,PWRSPVMDVXX01,S3D3,2030,0.0001
GLOBAL,PWRSPVMDVXX01,S3D3,2031,0.0001
GLOBAL,PWRSPVMDVXX01,S3D3,2032,0.0001
GLOBAL,PWRSPVMDVXX01,S3D3,2033,0.0001
GLOBAL,PWRSPVMDVXX01,S3D3,2034,0.0001
GLOBAL,PWRSPVMDVXX01,S3D3,2035,0.0001
GLOBAL,PWRSPVMDVXX01,S3D3,2036,0.0001
GLOBAL,PWRSPVMDVXX01,S3D3,2037,0.0001
GLOBAL,PWRSPVMDVXX01,S3D3,2038,0.0001
GLOBAL,PWRSPVMDVXX01,S3D3,2039,0.0001
GLOBAL,PWRSPVMDVXX01,S3D3,2040,0.0001
GLOBAL,PWRSPVMDVXX01,S3D3,2041,0.0001
GLOBAL,PWRSPVMDVXX01,S3D3,2042,0.0001
GLOBAL,PWRSPVMDVXX01,S3D3,2043,0.0001
GLOBAL,PWRSPVMDVXX01,S3D3,2044,0.0001
GLOBAL,PWRSPVMDVXX01,S3D3,2045,0.0001
GLOBAL,PWRSPVMDVXX01,S3D3,2046,0.0001
GLOBAL,PWRSPVMDVXX01,S3D3,2047,0.0001
GLOBAL,PWRSPVMDVXX01,S3D3,2048,0.0001
GLOBAL,PWRSPVMDVXX01,S3D3,2049,0.0001
GLOBAL,PWRSPVMDVXX01,S3D3,2050,0.0001
GLOBAL,PWRSPVMDVXX01,S4D1,2023,0.2743
GLOBAL,PWRSPVMDVXX01,S4D1,2024,0.2743
GLOBAL,PWRSPVMDVXX01,S4D1,2025,0.2743
GLOBAL,PWRSPVMDVXX01,S4D1,2026,0.2743
GLOBAL,PWRSPVMDVXX01,S4D1,2027,0.2743
GLOBAL,PWRSPVMDVXX01,S4D1,2028,0.2743
GLOBAL,PWRSPVMDVXX01,S4D1,2029,0.2743
GLOBAL,PWRSPVMDVXX01,S4D1,2030,0.2743
GLOBAL,PWRSPVMDVXX01,S4D1,2031,0.2743
GLOBAL,PWRSPVMDVXX01,S4D1,2032,0.2743
GLOBAL,PWRSPVMDVXX01,S4D1,2033,0.2743
GLOBAL,PWRSPVMDVXX01,S4D1,2034,0.2743
GLOBAL,PWRSPVMDVXX01,S4D1,2035,0.2743
GLOBAL,PWRSPVMDVXX01,S4D1,2036,0.2743
GLOBAL,PWRSPVMDVXX01,S4D1,2037,0.2743
GLOBAL,PWRSPVMDVXX01,S4D1,2038,0.2743
GLOBAL,PWRSPVMDVXX01,S4D1,2039,0.2743
GLOBAL,PWRSPVMDVXX01,S4D1,2040,0.2743
GLOBAL,PWRSPVMDVXX01,S4D1,2041,0.2743
GLOBAL,PWRSPVMDVXX01,S4D1,2042,0.2743
GLOBAL,PWRSPVMDVXX01,S4D1,2043,0.2743
GLOBAL,PWRSPVMDVXX01,S4D1,2044,0.2743
GLOBAL,PWRSPVMDVXX01,S4D1,2045,0.2743
GLOBAL,PWRSPVMDVXX01,S4D1,2046,0.2743
GLOBAL,PWRSPVMDVXX01,S4D1,2047,0.2743
GLOBAL,PWRSPVMDVXX01,S4D1,2048,0.2743
GLOBAL,PWRSPVMDVXX01,S4D1,2049,0.2743
GLOBAL,PWRSPVMDVXX01,S4D1,2050,0.2743
GLOBAL,PWRSPVMDVXX01,S4D2,2023,0.0744
GLOBAL,PWRSPVMDVXX01,S4D2,2024,0.0744
GLOBAL,PWRSPVMDVXX01,S4D2,2025,0.0744
GLOBAL,PWRSPVMDVXX01,S4D2,2026,0.0744
GLOBAL,PWRSPVMDVXX01,S4D2,2027,0.0744
GLOBAL,PWRSPVMDVXX01,S4D2,2028,0.0744
GLOBAL,PWRSPVMDVXX01,S4D2,2029,0.0744
GLOBAL,PWRSPVMDVXX01,S4D2,2030,0.0744
GLOBAL,PWRSPVMDVXX01,S4D2,2031,0.0744
GLOBAL,PWRSPVMDVXX01,S4D2,2032,0.0744
GLOBAL,PWRSPVMDVXX01,S4D2,2033,0.0744
GLOBAL,PWRSPVMDVXX01,S4D2,2034,0.0744
GLOBAL,PWRSPVMDVXX01,S4D2,2035,0.0744
GLOBAL,PWRSPVMDVXX01,S4D2,2036,0.0744
GLOBAL,PWRSPVMDVXX01,S4D2,2037,0.0744
GLOBAL,PWRSPVMDVXX01,S4D2,2038,0.0744
GLOBAL,PWRSPVMDVXX01,S4D2,2039,0.0744
GLOBAL,PWRSPVMDVXX01,S4D2,2040,0.0744
GLOBAL,PWRSPVMDVXX01,S4D2,2041,0.0744
GLOBAL,PWRSPVMDVXX01,S4D2,2042,0.0744
GLOBAL,PWRSPVMDVXX01,S4D2,2043,0.0744
GLOBAL,PWRSPVMDVXX01,S4D2,2044,0.0744
GLOBAL,PWRSPVMDVXX01,S4D2,2045,0.0744
GLOBAL,PWRSPVMDVXX01,S4D2,2046,0.0744
GLOBAL,PWRSPVMDVXX01,S4D2,2047,0.0744
GLOBAL,PWRSPVMDVXX01,S4D2,2048,0.0744
GLOBAL,PWRSPVMDVXX01,S4D2,2049,0.0744
GLOBAL,PWRSPVMDVXX01,S4D2,2050,0.0744
GLOBAL,PWRSPVMDVXX01,S4D3,2023,0.0
GLOBAL,PWRSPVMDVXX01,S4D3,2024,0.0
GLOBAL,PWRSPVMDVXX01,S4D3,2025,0.0
GLOBAL,PWRSPVMDVXX01,S4D3,2026,0.0
GLOBAL,PWRSPVMDVXX01,S4D3,2027,0.0
GLOBAL,PWRSPVMDVXX01,S4D3,2028,0.0
GLOBAL,PWRSPVMDVXX01,S4D3,2029,0.0
GLOBAL,PWRSPVMDVXX01,S4D3,2030,0.0
GLOBAL,PWRSPVMDVXX01,S4D3,2031,0.0
GLOBAL,PWRSPVMDVXX01,S4D3,2032,0.0
GLOBAL,PWRSPVMDVXX01,S4D3,2033,0.0
GLOBAL,PWRSPVMDVXX01,S4D3,2034,0.0
GLOBAL,PWRSPVMDVXX01,S4D3,2035,0.0
GLOBAL,PWRSPVMDVXX01,S4D3,2036,0.0
GLOBAL,PWRSPVMDVXX01,S4D3,2037,0.0
GLOBAL,PWRSPVMDVXX01,S4D3,2038,0.0
GLOBAL,PWRSPVMDVXX01,S4D3,2039,0.0
GLOBAL,PWRSPVMDVXX01,S4D3,2040,0.0
GLOBAL,PWRSPVMDVXX01,S4D3,2041,0.0
GLOBAL,PWRSPVMDVXX01,S4D3,2042,0.0
GLOBAL,PWRSPVMDVXX01,S4D3,2043,0.0
GLOBAL,PWRSPVMDVXX01,S4D3,2044,0.0
GLOBAL,PWRSPVMDVXX01,S4D3,2045,0.0
GLOBAL,PWRSPVMDVXX01,S4D3,2046,0.0
GLOBAL,PWRSPVMDVXX01,S4D3,2047,0.0
GLOBAL,PWRSPVMDVXX01,S4D3,2048,0.0
GLOBAL,PWRSPVMDVXX01,S4D3,2049,0.0
GLOBAL,PWRSPVMDVXX01,S4D3,2050,0.0
GLOBAL,PWRWONMDVXX01,S1D1,2023,0.1651
GLOBAL,PWRWONMDVXX01,S1D1,2024,0.1651
GLOBAL,PWRWONMDVXX01,S1D1,2025,0.1651
GLOBAL,PWRWONMDVXX01,S1D1,2026,0.1651
GLOBAL,PWRWONMDVXX01,S1D1,2027,0.1651
GLOBAL,PWRWONMDVXX01,S1D1,2028,0.1651
GLOBAL,PWRWONMDVXX01,S1D1,2029,0.1651
GLOBAL,PWRWONMDVXX01,S1D1,2030,0.1651
GLOBAL,PWRWONMDVXX01,S1D1,2031,0.1651
GLOBAL,PWRWONMDVXX01,S1D1,2032,0.1651
GLOBAL,PWRWONMDVXX01,S1D1,2033,0.1651
GLOBAL,PWRWONMDVXX01,S1D1,2034,0.1651
GLOBAL,PWRWONMDVXX01,S1D1,2035,0.1651
GLOBAL,PWRWONMDVXX01,S1D1,2036,0.1651
GLOBAL,PWRWONMDVXX01,S1D1,2037,0.1651
GLOBAL,PWRWONMDVXX01,S1D1,2038,0.1651
GLOBAL,PWRWONMDVXX01,S1D1,2039,0.1651
GLOBAL,PWRWONMDVXX01,S1D1,2040,0.1651
GLOBAL,PWRWONMDVXX01,S1D1,2041,0.1651
GLOBAL,PWRWONMDVXX01,S1D1,2042,0.1651
GLOBAL,PWRWONMDVXX01,S1D1,2043,0.1651
GLOBAL,PWRWONMDVXX01,S1D1,2044,0.1651
GLOBAL,PWRWONMDVXX01,S1D1,2045,0.1651
GLOBAL,PWRWONMDVXX01,S1D1,2046,0.1651
GLOBAL,PWRWONMDVXX01,S1D1,2047,0.1651
GLOBAL,PWRWONMDVXX01,S1D1,2048,0.1651
GLOBAL,PWRWONMDVXX01,S1D1,2049,0.1651
GLOBAL,PWRWONMDVXX01,S1D1,2050,0.1651
GLOBAL,PWRWONMDVXX01,S1D2,2023,0.2297
GLOBAL,PWRWONMDVXX01,S1D2,2024,0.2297
GLOBAL,PWRWONMDVXX01,S1D2,2025,0.2297
GLOBAL,PWRWONMDVXX01,S1D2,2026,0.2297
GLOBAL,PWRWONMDVXX01,S1D2,2027,0.2297
GLOBAL,PWRWONMDVXX01,S1D2,2028,0.2297
GLOBAL,PWRWONMDVXX01,S1D2,2029,0.2297
GLOBAL,PWRWONMDVXX01,S1D2,2030,0.2297
GLOBAL,PWRWONMDVXX01,S1D2,2031,0.2297
GLOBAL,PWRWONMDVXX01,S1D2,2032,0.2297
GLOBAL,PWRWONMDVXX01,S1D2,2033,0.2297
GLOBAL,PWRWONMDVXX01,S1D2,2034,0.2297
GLOBAL,PWRWONMDVXX01,S1D2,2035,0.2297
GLOBAL,PWRWONMDVXX01,S1D2,2036,0.2297
GLOBAL,PWRWONMDVXX01,S1D2,2037,0.2297
GLOBAL,PWRWONMDVXX01,S1D2,2038,0.2297
GLOBAL,PWRWONMDVXX01,S1D2,2039,0.2297
GLOBAL,PWRWONMDVXX01,S1D2,2040,0.2297
GLOBAL,PWRWONMDVXX01,S1D2,2041,0.2297
GLOBAL,PWRWONMDVXX01,S1D2,2042,0.2297
GLOBAL,PWRWONMDVXX01,S1D2,2043,0.2297
GLOBAL,PWRWONMDVXX01,S1D2,2044,0.2297
GLOBAL,PWRWONMDVXX01,S1D2,2045,0.2297
GLOBAL,PWRWONMDVXX01,S1D2,2046,0.2297
GLOBAL,PWRWONMDVXX01,S1D2,2047,0.2297
GLOBAL,PWRWONMDVXX01,S1D2,2048,0.2297
GLOBAL,PWRWONMDVXX01,S1D2,2049,0.2297
GLOBAL,PWRWONMDVXX01,S1D2,2050,0.2297
GLOBAL,PWRWONMDVXX01,S1D3,2023,0.2883
GLOBAL,PWRWONMDVXX01,S1D3,2024,0.2883
GLOBAL,PWRWONMDVXX01,S1D3,2025,0.2883
GLOBAL,PWRWONMDVXX01,S1D3,2026,0.2883
GLOBAL,PWRWONMDVXX01,S1D3,2027,0.2883
GLOBAL,PWRWONMDVXX01,S1D3,2028,0.2883
GLOBAL,PWRWONMDVXX01,S1D3,2029,0.2883
GLOBAL,PWRWONMDVXX01,S1D3,2030,0.2883
GLOBAL,PWRWONMDVXX01,S1D3,2031,0.2883
GLOBAL,PWRWONMDVXX01,S1D3,2032,0.2883
GLOBAL,PWRWONMDVXX01,S1D3,2033,0.2883
GLOBAL,PWRWONMDVXX01,S1D3,2034,0.2883
GLOBAL,PWRWONMDVXX01,S1D3,2035,0.2883
GLOBAL,PWRWONMDVXX01,S1D3,2036,0.2883
GLOBAL,PWRWONMDVXX01,S1D3,2037,0.2883
GLOBAL,PWRWONMDVXX01,S1D3,2038,0.2883
GLOBAL,PWRWONMDVXX01,S1D3,2039,0.2883
GLOBAL,PWRWONMDVXX01,S1D3,2040,0.2883
GLOBAL,PWRWONMDVXX01,S1D3,2041,0.2883
GLOBAL,PWRWONMDVXX01,S1D3,2042,0.2883
GLOBAL,PWRWONMDVXX01,S1D3,2043,0.2883
GLOBAL,PWRWONMDVXX01,S1D3,2044,0.2883
GLOBAL,PWRWONMDVXX01,S1D3,2045,0.2883
GLOBAL,PWRWONMDVXX01,S1D3,2046,0.2883
GLOBAL,PWRWONMDVXX01,S1D3,2047,0.2883
GLOBAL,PWRWONMDVXX01,S1D3,2048,0.2883
GLOBAL,PWRWONMDVXX01,S1D3,2049,0.2883
GLOBAL,PWRWONMDVXX01,S1D3,2050,0.2883
GLOBAL,PWRWONMDVXX01,S2D1,2023,0.2723
GLOBAL,PWRWONMDVXX01,S2D1,2024,0.2723
GLOBAL,PWRWONMDVXX01,S2D1,2025,0.2723
GLOBAL,PWRWONMDVXX01,S2D1,2026,0.2723
GLOBAL,PWRWONMDVXX01,S2D1,2027,0.2723
GLOBAL,PWRWONMDVXX01,S2D1,2028,0.2723
GLOBAL,PWRWONMDVXX01,S2D1,2029,0.2723
GLOBAL,PWRWONMDVXX01,S2D1,2030,0.2723
GLOBAL,PWRWONMDVXX01,S2D1,2031,0.2723
GLOBAL,PWRWONMDVXX01,S2D1,2032,0.2723
GLOBAL,PWRWONMDVXX01,S2D1,2033,0.2723
GLOBAL,PWRWONMDVXX01,S2D1,2034,0.2723
GLOBAL,PWRWONMDVXX01,S2D1,2035,0.2723
GLOBAL,PWRWONMDVXX01,S2D1,2036,0.2723
GLOBAL,PWRWONMDVXX01,S2D1,2037,0.2723
GLOBAL,PWRWONMDVXX01,S2D1,2038,0.2723
GLOBAL,PWRWONMDVXX01,S2D1,2039,0.2723
GLOBAL,PWRWONMDVXX01,S2D1,2040,0.2723
GLOBAL,PWRWONMDVXX01,S2D1,2041,0.2723
GLOBAL,PWRWONMDVXX01,S2D1,2042,0.2723
GLOBAL,PWRWONMDVXX01,S2D1,2043,0.2723
GLOBAL,PWRWONMDVXX01,S2D1,2044,0.2723
GLOBAL,PWRWONMDVXX01,S2D1,2045,0.2723
GLOBAL,PWRWONMDVXX01,S2D1,2046,0.2723
GLOBAL,PWRWONMDVXX01,S2D1,2047,0.2723
GLOBAL,PWRWONMDVXX01,S2D1,2048,0.2723
GLOBAL,PWRWONMDVXX01,S2D1,2049,0.2723
GLOBAL,PWRWONMDVXX01,S2D1,2050,0.2723
GLOBAL,PWRWONMDVXX01,S2D2,2023,0.2836
GLOBAL,PWRWONMDVXX01,S2D2,2024,0.2836
GLOBAL,PWRWONMDVXX01,S2D2,2025,0.2836
GLOBAL,PWRWONMDVXX01,S2D2,2026,0.2836
GLOBAL,PWRWONMDVXX01,S2D2,2027,0.2836
GLOBAL,PWRWONMDVXX01,S2D2,2028,0.2836
GLOBAL,PWRWONMDVXX01,S2D2,2029,0.2836
GLOBAL,PWRWONMDVXX01,S2D2,2030,0.2836
GLOBAL,PWRWONMDVXX01,S2D2,2031,0.2836
GLOBAL,PWRWONMDVXX01,S2D2,2032,0.2836
GLOBAL,PWRWONMDVXX01,S2D2,2033,0.2836
GLOBAL,PWRWONMDVXX01,S2D2,2034,0.2836
GLOBAL,PWRWONMDVXX01,S2D2,2035,0.2836
GLOBAL,PWRWONMDVXX01,S2D2,2036,0.2836
GLOBAL,PWRWONMDVXX01,S2D2,2037,0.2836
GLOBAL,PWRWONMDVXX01,S2D2,2038,0.2836
GLOBAL,PWRWONMDVXX01,S2D2,2039,0.2836
GLOBAL,PWRWONMDVXX01,S2D2,2040,0.2836
GLOBAL,PWRWONMDVXX01,S2D2,2041,0.2836
GLOBAL,PWRWONMDVXX01,S2D2,2042,0.2836
GLOBAL,PWRWONMDVXX01,S2D2,2043,0.2836
GLOBAL,PWRWONMDVXX01,S2D2,2044,0.2836
GLOBAL,PWRWONMDVXX01,S2D2,2045,0.2836
GLOBAL,PWRWONMDVXX01,S2D2,2046,0.2836
GLOBAL,PWRWONMDVXX01,S2D2,2047,0.2836
GLOBAL,PWRWONMDVXX01,S2D2,2048,0.2836
GLOBAL,PWRWONMDVXX01,S2D2,2049,0.2836
GLOBAL,PWRWONMDVXX01,S2D2,2050,0.2836
GLOBAL,PWRWONMDVXX01,S2D3,2023,0.3069
GLOBAL,PWRWONMDVXX01,S2D3,2024,0.3069
GLOBAL,PWRWONMDVXX01,S2D3,2025,0.3069
GLOBAL,PWRWONMDVXX01,S2D3,2026,0.3069
GLOBAL,PWRWONMDVXX01,S2D3,2027,0.3069
GLOBAL,PWRWONMDVXX01,S2D3,2028,0.3069
GLOBAL,PWRWONMDVXX01,S2D3,2029,0.3069
GLOBAL,PWRWONMDVXX01,S2D3,2030,0.3069
GLOBAL,PWRWONMDVXX01,S2D3,2031,0.3069
GLOBAL,PWRWONMDVXX01,S2D3,2032,0.3069
GLOBAL,PWRWONMDVXX01,S2D3,2033,0.3069
GLOBAL,PWRWONMDVXX01,S2D3,2034,0.3069
GLOBAL,PWRWONMDVXX01,S2D3,2035,0.3069
GLOBAL,PWRWONMDVXX01,S2D3,2036,0.3069
GLOBAL,PWRWONMDVXX01,S2D3,2037,0.3069
GLOBAL,PWRWONMDVXX01,S2D3,2038,0.3069
GLOBAL,PWRWONMDVXX01,S2D3,2039,0.3069
GLOBAL,PWRWONMDVXX01,S2D3,2040,0.3069
GLOBAL,PWRWONMDVXX01,S2D3,2041,0.3069
GLOBAL,PWRWONMDVXX01,S2D3,2042,0.3069
GLOBAL,PWRWONMDVXX01,S2D3,2043,0.3069
GLOBAL,PWRWONMDVXX01,S2D3,2044,0.3069
GLOBAL,PWRWONMDVXX01,S2D3,2045,0.3069
GLOBAL,PWRWONMDVXX01,S2D3,2046,0.3069
GLOBAL,PWRWONMDVXX01,S2D3,2047,0.3069
GLOBAL,PWRWONMDVXX01,S2D3,2048,0.3069
GLOBAL,PWRWONMDVXX01,S2D3,2049,0.3069
GLOBAL,PWRWONMDVXX01,S2D3,2050,0.3069
GLOBAL,PWRWONMDVXX01,S3D1,2023,0.4682
GLOBAL,PWRWONMDVXX01,S3D1,2024,0.4682
GLOBAL,PWRWONMDVXX01,S3D1,2025,0.4682
GLOBAL,PWRWONMDVXX01,S3D1,2026,0.4682
GLOBAL,PWRWONMDVXX01,S3D1,2027,0.4682
GLOBAL,PWRWONMDVXX01,S3D1,2028,0.4682
GLOBAL,PWRWONMDVXX01,S3D1,2029,0.4682
GLOBAL,PWRWONMDVXX01,S3D1,2030,0.4682
GLOBAL,PWRWONMDVXX01,S3D1,2031,0.4682
GLOBAL,PWRWONMDVXX01,S3D1,2032,0.4682
GLOBAL,PWRWONMDVXX01,S3D1,2033,0.4682
GLOBAL,PWRWONMDVXX01,S3D1,2034,0.4682
GLOBAL,PWRWONMDVXX01,S3D1,2035,0.4682
GLOBAL,PWRWONMDVXX01,S3D1,2036,0.4682
GLOBAL,PWRWONMDVXX01,S3D1,2037,0.4682
GLOBAL,PWRWONMDVXX01,S3D1,2038,0.4682
GLOBAL,PWRWONMDVXX01,S3D1,2039,0.4682
GLOBAL,PWRWONMDVXX01,S3D1,2040,0.4682
GLOBAL,PWRWONMDVXX01,S3D1,2041,0.4682
GLOBAL,PWRWONMDVXX01,S3D1,2042,0.4682
GLOBAL,PWRWONMDVXX01,S3D1,2043,0.4682
GLOBAL,PWRWONMDVXX01,S3D1,2044,0.4682
GLOBAL,PWRWONMDVXX01,S3D1,2045,0.4682
GLOBAL,PWRWONMDVXX01,S3D1,2046,0.4682
GLOBAL,PWRWONMDVXX01,S3D1,2047,0.4682
GLOBAL,PWRWONMDVXX01,S3D1,2048,0.4682
GLOBAL,PWRWONMDVXX01,S3D1,2049,0.4682
GLOBAL,PWRWONMDVXX01,S3D1,2050,0.4682
GLOBAL,PWRWONMDVXX01,S3D2,2023,0.4915
GLOBAL,PWRWONMDVXX01,S3D2,2024,0.4915
GLOBAL,PWRWONMDVXX01,S3D2,2025,0.4915
GLOBAL,PWRWONMDVXX01,S3D2,2026,0.4915
GLOBAL,PWRWONMDVXX01,S3D2,2027,0.4915
GLOBAL,PWRWONMDVXX01,S3D2,2028,0.4915
GLOBAL,PWRWONMDVXX01,S3D2,2029,0.4915
GLOBAL,PWRWONMDVXX01,S3D2,2030,0.4915
GLOBAL,PWRWONMDVXX01,S3D2,2031,0.4915
GLOBAL,PWRWONMDVXX01,S3D2,2032,0.4915
GLOBAL,PWRWONMDVXX01,S3D2,2033,0.4915
GLOBAL,PWRWONMDVXX01,S3D2,2034,0.4915
GLOBAL,PWRWONMDVXX01,S3D2,2035,0.4915
GLOBAL,PWRWONMDVXX01,S3D2,2036,0.4915
GLOBAL,PWRWONMDVXX01,S3D2,2037,0.4915
GLOBAL,PWRWONMDVXX01,S3D2,2038,0.4915
GLOBAL,PWRWONMDVXX01,S3D2,2039,0.4915
GLOBAL,PWRWONMDVXX01,S3D2,2040,0.4915
GLOBAL,PWRWONMDVXX01,S3D2,2041,0.4915
GLOBAL,PWRWONMDVXX01,S3D2,2042,0.4915
GLOBAL,PWRWONMDVXX01,S3D2,2043,0.4915
GLOBAL,PWRWONMDVXX01,S3D2,2044,0.4915
GLOBAL,PWRWONMDVXX01,S3D2,2045,0.4915
GLOBAL,PWRWONMDVXX01,S3D2,2046,0.4915
GLOBAL,PWRWONMDVXX01,S3D2,2047,0.4915
GLOBAL,PWRWONMDVXX01,S3D2,2048,0.4915
GLOBAL,PWRWONMDVXX01,S3D2,2049,0.4915
GLOBAL,PWRWONMDVXX01,S3D2,2050,0.4915
GLOBAL,PWRWONMDVXX01,S3D3,2023,0.5343
GLOBAL,PWRWONMDVXX01,S3D3,2024,0.5343
GLOBAL,PWRWONMDVXX01,S3D3,2025,0.5343
GLOBAL,PWRWONMDVXX01,S3D3,2026,0.5343
GLOBAL,PWRWONMDVXX01,S3D3,2027,0.5343
GLOBAL,PWRWONMDVXX01,S3D3,2028,0.5343
GLOBAL,PWRWONMDVXX01,S3D3,2029,0.5343
GLOBAL,PWRWONMDVXX01,S3D3,2030,0.5343
GLOBAL,PWRWONMDVXX01,S3D3,2031,0.5343
GLOBAL,PWRWONMDVXX01,S3D3,2032,0.5343
GLOBAL,PWRWONMDVXX01,S3D3,2033,0.5343
GLOBAL,PWRWONMDVXX01,S3D3,2034,0.5343
GLOBAL,PWRWONMDVXX01,S3D3,2035,0.5343
GLOBAL,PWRWONMDVXX01,S3D3,2036,0.5343
GLOBAL,PWRWONMDVXX01,S3D3,2037,0.5343
GLOBAL,PWRWONMDVXX01,S3D3,2038,0.5343
GLOBAL,PWRWONMDVXX01,S3D3,2039,0.5343
GLOBAL,PWRWONMDVXX01,S3D3,2040,0.5343
GLOBAL,PWRWONMDVXX01,S3D3,2041,0.5343
GLOBAL,PWRWONMDVXX01,S3D3,2042,0.5343
GLOBAL,PWRWONMDVXX01,S3D3,2043,0.5343
GLOBAL,PWRWONMDVXX01,S3D3,2044,0.5343
GLOBAL,PWRWONMDVXX01,S3D3,2045,0.5343
GLOBAL,PWRWONMDVXX01,S3D3,2046,0.5343
GLOBAL,PWRWONMDVXX01,S3D3,2047,0.5343
GLOBAL,PWRWONMDVXX01,S3D3,2048,0.5343
GLOBAL,PWRWONMDVXX01,S3D3,2049,0.5343
GLOBAL,PWRWONMDVXX01,S3D3,2050,0.5343
GLOBAL,PWRWONMDVXX01,S4D1,2023,0.1883
GLOBAL,PWRWONMDVXX01,S4D1,2024,0.1883
GLOBAL,PWRWONMDVXX01,S4D1,2025,0.1883
GLOBAL,PWRWONMDVXX01,S4D1,2026,0.1883
GLOBAL,PWRWONMDVXX01,S4D1,2027,0.1883
GLOBAL,PWRWONMDVXX01,S4D1,2028,0.1883
GLOBAL,PWRWONMDVXX01,S4D1,2029,0.1883
GLOBAL,PWRWONMDVXX01,S4D1,2030,0.1883
GLOBAL,PWRWONMDVXX01,S4D1,2031,0.1883
GLOBAL,PWRWONMDVXX01,S4D1,2032,0.1883
GLOBAL,PWRWONMDVXX01,S4D1,2033,0.1883
GLOBAL,PWRWONMDVXX01,S4D1,2034,0.1883
GLOBAL,PWRWONMDVXX01,S4D1,2035,0.1883
GLOBAL,PWRWONMDVXX01,S4D1,2036,0.1883
GLOBAL,PWRWONMDVXX01,S4D1,2037,0.1883
GLOBAL,PWRWONMDVXX01,S4D1,2038,0.1883
GLOBAL,PWRWONMDVXX01,S4D1,2039,0.1883
GLOBAL,PWRWONMDVXX01,S4D1,2040,0.1883
GLOBAL,PWRWONMDVXX01,S4D1,2041,0.1883
GLOBAL,PWRWONMDVXX01,S4D1,2042,0.1883
GLOBAL,PWRWONMDVXX01,S4D1,2043,0.1883
GLOBAL,PWRWONMDVXX01,S4D1,2044,0.1883
GLOBAL,PWRWONMDVXX01,S4D1,2045,0.1883
GLOBAL,PWRWONMDVXX01,S4D1,2046,0.1883
GLOBAL,PWRWONMDVXX01,S4D1,2047,0.1883
GLOBAL,PWRWONMDVXX01,S4D1,2048,0.1883
GLOBAL,PWRWONMDVXX01,S4D1,2049,0.1883
GLOBAL,PWRWONMDVXX01,S4D1,2050,0.1883
GLOBAL,PWRWONMDVXX01,S4D2,2023,0.1993
GLOBAL,PWRWONMDVXX01,S4D2,2024,0.1993
GLOBAL,PWRWONMDVXX01,S4D2,2025,0.1993
GLOBAL,PWRWONMDVXX01,S4D2,2026,0.1993
GLOBAL,PWRWONMDVXX01,S4D2,2027,0.1993
GLOBAL,PWRWONMDVXX01,S4D2,2028,0.1993
GLOBAL,PWRWONMDVXX01,S4D2,2029,0.1993
GLOBAL,PWRWONMDVXX01,S4D2,2030,0.1993
GLOBAL,PWRWONMDVXX01,S4D2,2031,0.1993
GLOBAL,PWRWONMDVXX01,S4D2,2032,0.1993
GLOBAL,PWRWONMDVXX01,S4D2,2033,0.1993
GLOBAL,PWRWONMDVXX01,S4D2,2034,0.1993
GLOBAL,PWRWONMDVXX01,S4D2,2035,0.1993
GLOBAL,PWRWONMDVXX01,S4D2,2036,0.1993
GLOBAL,PWRWONMDVXX01,S4D2,2037,0.1993
GLOBAL,PWRWONMDVXX01,S4D2,2038,0.1993
GLOBAL,PWRWONMDVXX01,S4D2,2039,0.1993
GLOBAL,PWRWONMDVXX01,S4D2,2040,0.1993
GLOBAL,PWRWONMDVXX01,S4D2,2041,0.1993
GLOBAL,PWRWONMDVXX01,S4D2,2042,0.1993
GLOBAL,PWRWONMDVXX01,S4D2,2043,0.1993
GLOBAL,PWRWONMDVXX01,S4D2,2044,0.1993
GLOBAL,PWRWONMDVXX01,S4D2,2045,0.1993
GLOBAL,PWRWONMDVXX01,S4D2,2046,0.1993
GLOBAL,PWRWONMDVXX01,S4D2,2047,0.1993
GLOBAL,PWRWONMDVXX01,S4D2,2048,0.1993
GLOBAL,PWRWONMDVXX01,S4D2,2049,0.1993
GLOBAL,PWRWONMDVXX01,S4D2,2050,0.1993
GLOBAL,PWRWONMDVXX01,S4D3,2023,0.2324
GLOBAL,PWRWONMDVXX01,S4D3,2024,0.2324
GLOBAL,PWRWONMDVXX01,S4D3,2025,0.2324
GLOBAL,PWRWONMDVXX01,S4D3,2026,0.2324
GLOBAL,PWRWONMDVXX01,S4D3,2027,0.2324
GLOBAL,PWRWONMDVXX01,S4D3,2028,0.2324
GLOBAL,PWRWONMDVXX01,S4D3,2029,0.2324
GLOBAL,PWRWONMDVXX01,S4D3,2030,0.2324
GLOBAL,PWRWONMDVXX01,S4D3,2031,0.2324
GLOBAL,PWRWONMDVXX01,S4D3,2032,0.2324
GLOBAL,PWRWONMDVXX01,S4D3,2033,0.2324
GLOBAL,PWRWONMDVXX01,S4D3,2034,0.2324
GLOBAL,PWRWONMDVXX01,S4D3,2035,0.2324
GLOBAL,PWRWONMDVXX01,S4D3,2036,0.2324
GLOBAL,PWRWONMDVXX01,S4D3,2037,0.2324
GLOBAL,PWRWONMDVXX01,S4D3,2038,0.2324
GLOBAL,PWRWONMDVXX01,S4D3,2039,0.2324
GLOBAL,PWRWONMDVXX01,S4D3,2040,0.2324
GLOBAL,PWRWONMDVXX01,S4D3,2041,0.2324
GLOBAL,PWRWONMDVXX01,S4D3,2042,0.2324
GLOBAL,PWRWONMDVXX01,S4D3,2043,0.2324
GLOBAL,PWRWONMDVXX01,S4D3,2044,0.2324
GLOBAL,PWRWONMDVXX01,S4D3,2045,0.2324
GLOBAL,PWRWONMDVXX01,S4D3,2046,0.2324
GLOBAL,PWRWONMDVXX01,S4D3,2047,0.2324
GLOBAL,PWRWONMDVXX01,S4D3,2048,0.2324
GLOBAL,PWRWONMDVXX01,S4D3,2049,0.2324
GLOBAL,PWRWONMDVXX01,S4D3,2050,0.2324
GLOBAL,PWRWOFMDVXX01,S1D1,2023,0.1503
GLOBAL,PWRWOFMDVXX01,S1D1,2024,0.1503
GLOBAL,PWRWOFMDVXX01,S1D1,2025,0.1503
GLOBAL,PWRWOFMDVXX01,S1D1,2026,0.1503
GLOBAL,PWRWOFMDVXX01,S1D1,2027,0.1503
GLOBAL,PWRWOFMDVXX01,S1D1,2028,0.1503
GLOBAL,PWRWOFMDVXX01,S1D1,2029,0.1503
GLOBAL,PWRWOFMDVXX01,S1D1,2030,0.1503
GLOBAL,PWRWOFMDVXX01,S1D1,2031,0.1503
GLOBAL,PWRWOFMDVXX01,S1D1,2032,0.1503
GLOBAL,PWRWOFMDVXX01,S1D1,2033,0.1503
GLOBAL,PWRWOFMDVXX01,S1D1,2034,0.1503
GLOBAL,PWRWOFMDVXX01,S1D1,2035,0.1503
GLOBAL,PWRWOFMDVXX01,S1D1,2036,0.1503
GLOBAL,PWRWOFMDVXX01,S1D1,2037,0.1503
GLOBAL,PWRWOFMDVXX01,S1D1,2038,0.1503
GLOBAL,PWRWOFMDVXX01,S1D1,2039,0.1503
GLOBAL,PWRWOFMDVXX01,S1D1,2040,0.1503
GLOBAL,PWRWOFMDVXX01,S1D1,2041,0.1503
GLOBAL,PWRWOFMDVXX01,S1D1,2042,0.1503
GLOBAL,PWRWOFMDVXX01,S1D1,2043,0.1503
GLOBAL,PWRWOFMDVXX01,S1D1,2044,0.1503
GLOBAL,PWRWOFMDVXX01,S1D1,2045,0.1503
GLOBAL,PWRWOFMDVXX01,S1D1,2046,0.1503
GLOBAL,PWRWOFMDVXX01,S1D1,2047,0.1503
GLOBAL,PWRWOFMDVXX01,S1D1,2048,0.1503
GLOBAL,PWRWOFMDVXX01,S1D1,2049,0.1503
GLOBAL,PWRWOFMDVXX01,S1D1,2050,0.1503
GLOBAL,PWRWOFMDVXX01,S1D2,2023,0.1911
GLOBAL,PWRWOFMDVXX01,S1D2,2024,0.1911
GLOBAL,PWRWOFMDVXX01,S1D2,2025,0.1911
GLOBAL,PWRWOFMDVXX01,S1D2,2026,0.1911
GLOBAL,PWRWOFMDVXX01,S1D2,2027,0.1911
GLOBAL,PWRWOFMDVXX01,S1D2,2028,0.1911
GLOBAL,PWRWOFMDVXX01,S1D2,2029,0.1911
GLOBAL,PWRWOFMDVXX01,S1D2,2030,0.1911
GLOBAL,PWRWOFMDVXX01,S1D2,2031,0.1911
GLOBAL,PWRWOFMDVXX01,S1D2,2032,0.1911
GLOBAL,PWRWOFMDVXX01,S1D2,2033,0.1911
GLOBAL,PWRWOFMDVXX01,S1D2,2034,0.1911
GLOBAL,PWRWOFMDVXX01,S1D2,2035,0.1911
GLOBAL,PWRWOFMDVXX01,S1D2,2036,0.1911
GLOBAL,PWRWOFMDVXX01,S1D2,2037,0.1911
GLOBAL,PWRWOFMDVXX01,S1D2,2038,0.1911
GLOBAL,PWRWOFMDVXX01,S1D2,2039,0.1911
GLOBAL,PWRWOFMDVXX01,S1D2,2040,0.1911
GLOBAL,PWRWOFMDVXX01,S1D2,2041,0.1911
GLOBAL,PWRWOFMDVXX01,S1D2,2042,0.1911
GLOBAL,PWRWOFMDVXX01,S1D2,2043,0.1911
GLOBAL,PWRWOFMDVXX01,S1D2,2044,0.1911
GLOBAL,PWRWOFMDVXX01,S1D2,2045,0.1911
GLOBAL,PWRWOFMDVXX01,S1D2,2046,0.1911
GLOBAL,PWRWOFMDVXX01,S1D2,2047,0.1911
GLOBAL,PWRWOFMDVXX01,S1D2,2048,0.1911
GLOBAL,PWRWOFMDVXX01,S1D2,2049,0.1911
GLOBAL,PWRWOFMDVXX01,S1D2,2050,0.1911
GLOBAL,PWRWOFMDVXX01,S1D3,2023,0.2595
GLOBAL,PWRWOFMDVXX01,S1D3,2024,0.2595
GLOBAL,PWRWOFMDVXX01,S1D3,2025,0.2595
GLOBAL,PWRWOFMDVXX01,S1D3,2026,0.2595
GLOBAL,PWRWOFMDVXX01,S1D3,2027,0.2595
GLOBAL,PWRWOFMDVXX01,S1D3,2028,0.2595
GLOBAL,PWRWOFMDVXX01,S1D3,2029,0.2595
GLOBAL,PWRWOFMDVXX01,S1D3,2030,0.2595
GLOBAL,PWRWOFMDVXX01,S1D3,2031,0.2595
GLOBAL,PWRWOFMDVXX01,S1D3,2032,0.2595
GLOBAL,PWRWOFMDVXX01,S1D3,2033,0.2595
GLOBAL,PWRWOFMDVXX01,S1D3,2034,0.2595
GLOBAL,PWRWOFMDVXX01,S1D3,2035,0.2595
GLOBAL,PWRWOFMDVXX01,S1D3,2036,0.2595
GLOBAL,PWRWOFMDVXX01,S1D3,2037,0.2595
GLOBAL,PWRWOFMDVXX01,S1D3,2038,0.2595
GLOBAL,PWRWOFMDVXX01,S1D3,2039,0.2595
GLOBAL,PWRWOFMDVXX01,S1D3,2040,0.2595
GLOBAL,PWRWOFMDVXX01,S1D3,2041,0.2595
GLOBAL,PWRWOFMDVXX01,S1D3,2042,0.2595
GLOBAL,PWRWOFMDVXX01,S1D3,2043,0.2595
GLOBAL,PWRWOFMDVXX01,S1D3,2044,0.2595
GLOBAL,PWRWOFMDVXX01,S1D3,2045,0.2595
GLOBAL,PWRWOFMDVXX01,S1D3,2046,0.2595
GLOBAL,PWRWOFMDVXX01,S1D3,2047,0.2595
GLOBAL,PWRWOFMDVXX01,S1D3,2048,0.2595
GLOBAL,PWRWOFMDVXX01,S1D3,2049,0.2595
GLOBAL,PWRWOFMDVXX01,S1D3,2050,0.2595
GLOBAL,PWRWOFMDVXX01,S2D1,2023,0.2077
GLOBAL,PWRWOFMDVXX01,S2D1,2024,0.2077
GLOBAL,PWRWOFMDVXX01,S2D1,2025,0.2077
GLOBAL,PWRWOFMDVXX01,S2D1,2026,0.2077
GLOBAL,PWRWOFMDVXX01,S2D1,2027,0.2077
GLOBAL,PWRWOFMDVXX01,S2D1,2028,0.2077
GLOBAL,PWRWOFMDVXX01,S2D1,2029,0.2077
GLOBAL,PWRWOFMDVXX01,S2D1,2030,0.2077
GLOBAL,PWRWOFMDVXX01,S2D1,2031,0.2077
GLOBAL,PWRWOFMDVXX01,S2D1,2032,0.2077
GLOBAL,PWRWOFMDVXX01,S2D1,2033,0.2077
GLOBAL,PWRWOFMDVXX01,S2D1,2034,0.2077
GLOBAL,PWRWOFMDVXX01,S2D1,2035,0.2077
GLOBAL,PWRWOFMDVXX01,S2D1,2036,0.2077
GLOBAL,PWRWOFMDVXX01,S2D1,2037,0.2077
GLOBAL,PWRWOFMDVXX01,S2D1,2038,0.2077
GLOBAL,PWRWOFMDVXX01,S2D1,2039,0.2077
GLOBAL,PWRWOFMDVXX01,S2D1,2040,0.2077
GLOBAL,PWRWOFMDVXX01,S2D1,2041,0.2077
GLOBAL,PWRWOFMDVXX01,S2D1,2042,0.2077
GLOBAL,PWRWOFMDVXX01,S2D1,2043,0.2077
GLOBAL,PWRWOFMDVXX01,S2D1,2044,0.2077
GLOBAL,PWRWOFMDVXX01,S2D1,2045,0.2077
GLOBAL,PWRWOFMDVXX01,S2D1,2046,0.2077
GLOBAL,PWRWOFMDVXX01,S2D1,2047,0.2077
GLOBAL,PWRWOFMDVXX01,S2D1,2048,0.2077
GLOBAL,PWRWOFMDVXX01,S2D1,2049,0.2077
GLOBAL,PWRWOFMDVXX01,S2D1,2050,0.2077
GLOBAL,PWRWOFMDVXX01,S2D2,2023,0.2202
GLOBAL,PWRWOFMDVXX01,S2D2,2024,0.2202
GLOBAL,PWRWOFMDVXX01,S2D2,2025,0.2202
GLOBAL,PWRWOFMDVXX01,S2D2,2026,0.2202
GLOBAL,PWRWOFMDVXX01,S2D2,2027,0.2202
GLOBAL,PWRWOFMDVXX01,S2D2,2028,0.2202
GLOBAL,PWRWOFMDVXX01,S2D2,2029,0.2202
GLOBAL,PWRWOFMDVXX01,S2D2,2030,0.2202
GLOBAL,PWRWOFMDVXX01,S2D2,2031,0.2202
GLOBAL,PWRWOFMDVXX01,S2D2,2032,0.2202
GLOBAL,PWRWOFMDVXX01,S2D2,2033,0.2202
GLOBAL,PWRWOFMDVXX01,S2D2,2034,0.2202
GLOBAL,PWRWOFMDVXX01,S2D2,2035,0.2202
GLOBAL,PWRWOFMDVXX01,S2D2,2036,0.2202
GLOBAL,PWRWOFMDVXX01,S2D2,2037,0.2202
GLOBAL,PWRWOFMDVXX01,S2D2,2038,0.2202
GLOBAL,PWRWOFMDVXX01,S2D2,2039,0.2202
GLOBAL,PWRWOFMDVXX01,S2D2,2040,0.2202
GLOBAL,PWRWOFMDVXX01,S2D2,2041,0.2202
GLOBAL,PWRWOFMDVXX01,S2D2,2042,0.2202
GLOBAL,PWRWOFMDVXX01,S2D2,2043,0.2202
GLOBAL,PWRWOFMDVXX01,S2D2,2044,0.2202
GLOBAL,PWRWOFMDVXX01,S2D2,2045,0.2202
GLOBAL,PWRWOFMDVXX01,S2D2,2046,0.2202
GLOBAL,PWRWOFMDVXX01,S2D2,2047,0.2202
GLOBAL,PWRWOFMDVXX01,S2D2,2048,0.2202
GLOBAL,PWRWOFMDVXX01,S2D2,2049,0.2202
GLOBAL,PWRWOFMDVXX01,S2D2,2050,0.2202
GLOBAL,PWRWOFMDVXX01,S2D3,2023,0.2348
GLOBAL,PWRWOFMDVXX01,S2D3,2024,0.2348
GLOBAL,PWRWOFMDVXX01,S2D3,2025,0.2348
GLOBAL,PWRWOFMDVXX01,S2D3,2026,0.2348
GLOBAL,PWRWOFMDVXX01,S2D3,2027,0.2348
GLOBAL,PWRWOFMDVXX01,S2D3,2028,0.2348
GLOBAL,PWRWOFMDVXX01,S2D3,2029,0.2348
GLOBAL,PWRWOFMDVXX01,S2D3,2030,0.2348
GLOBAL,PWRWOFMDVXX01,S2D3,2031,0.2348
GLOBAL,PWRWOFMDVXX01,S2D3,2032,0.2348
GLOBAL,PWRWOFMDVXX01,S2D3,2033,0.2348
GLOBAL,PWRWOFMDVXX01,S2D3,2034,0.2348
GLOBAL,PWRWOFMDVXX01,S2D3,2035,0.2348
GLOBAL,PWRWOFMDVXX01,S2D3,2036,0.2348
GLOBAL,PWRWOFMDVXX01,S2D3,2037,0.2348
GLOBAL,PWRWOFMDVXX01,S2D3,2038,0.2348
GLOBAL,PWRWOFMDVXX01,S2D3,2039,0.2348
GLOBAL,PWRWOFMDVXX01,S2D3,2040,0.2348
GLOBAL,PWRWOFMDVXX01,S2D3,2041,0.2348
GLOBAL,PWRWOFMDVXX01,S2D3,2042,0.2348
GLOBAL,PWRWOFMDVXX01,S2D3,2043,0.2348
GLOBAL,PWRWOFMDVXX01,S2D3,2044,0.2348
GLOBAL,PWRWOFMDVXX01,S2D3,2045,0.2348
GLOBAL,PWRWOFMDVXX01,S2D3,2046,0.2348
GLOBAL,PWRWOFMDVXX01,S2D3,2047,0.2348
GLOBAL,PWRWOFMDVXX01,S2D3,2048,0.2348
GLOBAL,PWRWOFMDVXX01,S2D3,2049,0.2348
GLOBAL,PWRWOFMDVXX01,S2D3,2050,0.2348
GLOBAL,PWRWOFMDVXX01,S3D1,2023,0.3586
GLOBAL,PWRWOFMDVXX01,S3D1,2024,0.3586
GLOBAL,PWRWOFMDVXX01,S3D1,2025,0.3586
GLOBAL,PWRWOFMDVXX01,S3D1,2026,0.3586
GLOBAL,PWRWOFMDVXX01,S3D1,2027,0.3586
GLOBAL,PWRWOFMDVXX01,S3D1,2028,0.3586
GLOBAL,PWRWOFMDVXX01,S3D1,2029,0.3586
GLOBAL,PWRWOFMDVXX01,S3D1,2030,0.3586
GLOBAL,PWRWOFMDVXX01,S3D1,2031,0.3586
GLOBAL,PWRWOFMDVXX01,S3D1,2032,0.3586
GLOBAL,PWRWOFMDVXX01,S3D1,2033,0.3586
GLOBAL,PWRWOFMDVXX01,S3D1,2034,0.3586
GLOBAL,PWRWOFMDVXX01,S3D1,2035,0.3586
GLOBAL,PWRWOFMDVXX01,S3D1,2036,0.3586
GLOBAL,PWRWOFMDVXX01,S3D1,2037,0.3586
GLOBAL,PWRWOFMDVXX01,S3D1,2038,0.3586
GLOBAL,PWRWOFMDVXX01,S3D1,2039,0.3586
GLOBAL,PWRWOFMDVXX01,S3D1,2040,0.3586
GLOBAL,PWRWOFMDVXX01,S3D1,2041,0.3586
GLOBAL,PWRWOFMDVXX01,S3D1,2042,0.3586
GLOBAL,PWRWOFMDVXX01,S3D1,2043,0.3586
GLOBAL,PWRWOFMDVXX01,S3D1,2044,0.3586
GLOBAL,PWRWOFMDVXX01,S3D1,2045,0.3586
GLOBAL,PWRWOFMDVXX01,S3D1,2046,0.3586
GLOBAL,PWRWOFMDVXX01,S3D1,2047,0.3586
GLOBAL,PWRWOFMDVXX01,S3D1,2048,0.3586
GLOBAL,PWRWOFMDVXX01,S3D1,2049,0.3586
GLOBAL,PWRWOFMDVXX01,S3D1,2050,0.3586
GLOBAL,PWRWOFMDVXX01,S3D2,2023,0.3816
GLOBAL,PWRWOFMDVXX01,S3D2,2024,0.3816
GLOBAL,PWRWOFMDVXX01,S3D2,2025,0.3816
GLOBAL,PWRWOFMDVXX01,S3D2,2026,0.3816
GLOBAL,PWRWOFMDVXX01,S3D2,2027,0.3816
GLOBAL,PWRWOFMDVXX01,S3D2,2028,0.3816
GLOBAL,PWRWOFMDVXX01,S3D2,2029,0.3816
GLOBAL,PWRWOFMDVXX01,S3D2,2030,0.3816
GLOBAL,PWRWOFMDVXX01,S3D2,2031,0.3816
GLOBAL,PWRWOFMDVXX01,S3D2,2032,0.3816
GLOBAL,PWRWOFMDVXX01,S3D2,2033,0.3816
GLOBAL,PWRWOFMDVXX01,S3D2,2034,0.3816
GLOBAL,PWRWOFMDVXX01,S3D2,2035,0.3816
GLOBAL,PWRWOFMDVXX01,S3D2,2036,0.3816
GLOBAL,PWRWOFMDVXX01,S3D2,2037,0.3816
GLOBAL,PWRWOFMDVXX01,S3D2,2038,0.3816
GLOBAL,PWRWOFMDVXX01,S3D2,2039,0.3816
GLOBAL,PWRWOFMDVXX01,S3D2,2040,0.3816
GLOBAL,PWRWOFMDVXX01,S3D2,2041,0.3816
GLOBAL,PWRWOFMDVXX01,S3D2,2042,0.3816
GLOBAL,PWRWOFMDVXX01,S3D2,2043,0.3816
GLOBAL,PWRWOFMDVXX01,S3D2,2044,0.3816
GLOBAL,PWRWOFMDVXX01,S3D2,2045,0.3816
GLOBAL,PWRWOFMDVXX01,S3D2,2046,0.3816
GLOBAL,PWRWOFMDVXX01,S3D2,2047,0.3816
GLOBAL,PWRWOFMDVXX01,S3D2,2048,0.3816
GLOBAL,PWRWOFMDVXX01,S3D2,2049,0.3816
GLOBAL,PWRWOFMDVXX01,S3D2,2050,0.3816
GLOBAL,PWRWOFMDVXX01,S3D3,2023,0.4067
GLOBAL,PWRWOFMDVXX01,S3D3,2024,0.4067
GLOBAL,PWRWOFMDVXX01,S3D3,2025,0.4067
GLOBAL,PWRWOFMDVXX01,S3D3,2026,0.4067
GLOBAL,PWRWOFMDVXX01,S3D3,2027,0.4067
GLOBAL,PWRWOFMDVXX01,S3D3,2028,0.4067
GLOBAL,PWRWOFMDVXX01,S3D3,2029,0.4067
GLOBAL,PWRWOFMDVXX01,S3D3,2030,0.4067
GLOBAL,PWRWOFMDVXX01,S3D3,2031,0.4067
GLOBAL,PWRWOFMDVXX01,S3D3,2032,0.4067
GLOBAL,PWRWOFMDVXX01,S3D3,2033,0.4067
GLOBAL,PWRWOFMDVXX01,S3D3,2034,0.4067
GLOBAL,PWRWOFMDVXX01,S3D3,2035,0.4067
GLOBAL,PWRWOFMDVXX01,S3D3,2036,0.4067
GLOBAL,PWRWOFMDVXX01,S3D3,2037,0.4067
GLOBAL,PWRWOFMDVXX01,S3D3,2038,0.4067
GLOBAL,PWRWOFMDVXX01,S3D3,2039,0.4067
GLOBAL,PWRWOFMDVXX01,S3D3,2040,0.4067
GLOBAL,PWRWOFMDVXX01,S3D3,2041,0.4067
GLOBAL,PWRWOFMDVXX01,S3D3,2042,0.4067
GLOBAL,PWRWOFMDVXX01,S3D3,2043,0.4067
GLOBAL,PWRWOFMDVXX01,S3D3,2044,0.4067
GLOBAL,PWRWOFMDVXX01,S3D3,2045,0.4067
GLOBAL,PWRWOFMDVXX01,S3D3,2046,0.4067
GLOBAL,PWRWOFMDVXX01,S3D3,2047,0.4067
GLOBAL,PWRWOFMDVXX01,S3D3,2048,0.4067
GLOBAL,PWRWOFMDVXX01,S3D3,2049,0.4067
GLOBAL,PWRWOFMDVXX01,S3D3,2050,0.4067
GLOBAL,PWRWOFMDVXX01,S4D1,2023,0.1553
GLOBAL,PWRWOFMDVXX01,S4D1,2024,0.1553
GLOBAL,PWRWOFMDVXX01,S4D1,2025,0.1553
GLOBAL,PWRWOFMDVXX01,S4D1,2026,0.1553
GLOBAL,PWRWOFMDVXX01,S4D1,2027,0.1553
GLOBAL,PWRWOFMDVXX01,S4D1,2028,0.1553
GLOBAL,PWRWOFMDVXX01,S4D1,2029,0.1553
GLOBAL,PWRWOFMDVXX01,S4D1,2030,0.1553
GLOBAL,PWRWOFMDVXX01,S4D1,2031,0.1553
GLOBAL,PWRWOFMDVXX01,S4D1,2032,0.1553
GLOBAL,PWRWOFMDVXX01,S4D1,2033,0.1553
GLOBAL,PWRWOFMDVXX01,S4D1,2034,0.1553
GLOBAL,PWRWOFMDVXX01,S4D1,2035,0.1553
GLOBAL,PWRWOFMDVXX01,S4D1,2036,0.1553
GLOBAL,PWRWOFMDVXX01,S4D1,2037,0.1553
GLOBAL,PWRWOFMDVXX01,S4D1,2038,0.1553
GLOBAL,PWRWOFMDVXX01,S4D1,2039,0.1553
GLOBAL,PWRWOFMDVXX01,S4D1,2040,0.1553
GLOBAL,PWRWOFMDVXX01,S4D1,2041,0.1553
GLOBAL,PWRWOFMDVXX01,S4D1,2042,0.1553
GLOBAL,PWRWOFMDVXX01,S4D1,2043,0.1553
GLOBAL,PWRWOFMDVXX01,S4D1,2044,0.1553
GLOBAL,PWRWOFMDVXX01,S4D1,2045,0.1553
GLOBAL,PWRWOFMDVXX01,S4D1,2046,0.1553
GLOBAL,PWRWOFMDVXX01,S4D1,2047,0.1553
GLOBAL,PWRWOFMDVXX01,S4D1,2048,0.1553
GLOBAL,PWRWOFMDVXX01,S4D1,2049,0.1553
GLOBAL,PWRWOFMDVXX01,S4D1,2050,0.1553
GLOBAL,PWRWOFMDVXX01,S4D2,2023,0.1662
GLOBAL,PWRWOFMDVXX01,S4D2,2024,0.1662
GLOBAL,PWRWOFMDVXX01,S4D2,2025,0.1662
GLOBAL,PWRWOFMDVXX01,S4D2,2026,0.1662
GLOBAL,PWRWOFMDVXX01,S4D2,2027,0.1662
GLOBAL,PWRWOFMDVXX01,S4D2,2028,0.1662
GLOBAL,PWRWOFMDVXX01,S4D2,2029,0.1662
GLOBAL,PWRWOFMDVXX01,S4D2,2030,0.1662
GLOBAL,PWRWOFMDVXX01,S4D2,2031,0.1662
GLOBAL,PWRWOFMDVXX01,S4D2,2032,0.1662
GLOBAL,PWRWOFMDVXX01,S4D2,2033,0.1662
GLOBAL,PWRWOFMDVXX01,S4D2,2034,0.1662
GLOBAL,PWRWOFMDVXX01,S4D2,2035,0.1662
GLOBAL,PWRWOFMDVXX01,S4D2,2036,0.1662
GLOBAL,PWRWOFMDVXX01,S4D2,2037,0.1662
GLOBAL,PWRWOFMDVXX01,S4D2,2038,0.1662
GLOBAL,PWRWOFMDVXX01,S4D2,2039,0.1662
GLOBAL,PWRWOFMDVXX01,S4D2,2040,0.1662
GLOBAL,PWRWOFMDVXX01,S4D2,2041,0.1662
GLOBAL,PWRWOFMDVXX01,S4D2,2042,0.1662
GLOBAL,PWRWOFMDVXX01,S4D2,2043,0.1662
GLOBAL,PWRWOFMDVXX01,S4D2,2044,0.1662
GLOBAL,PWRWOFMDVXX01,S4D2,2045,0.1662
GLOBAL,PWRWOFMDVXX01,S4D2,2046,0.1662
GLOBAL,PWRWOFMDVXX01,S4D2,2047,0.1662
GLOBAL,PWRWOFMDVXX01,S4D2,2048,0.1662
GLOBAL,PWRWOFMDVXX01,S4D2,2049,0.1662
GLOBAL,PWRWOFMDVXX01,S4D2,2050,0.1662
GLOBAL,PWRWOFMDVXX01,S4D3,2023,0.1868
GLOBAL,PWRWOFMDVXX01,S4D3,2024,0.1868
GLOBAL,PWRWOFMDVXX01,S4D3,2025,0.1868
GLOBAL,PWRWOFMDVXX01,S4D3,2026,0.1868
GLOBAL,PWRWOFMDVXX01,S4D3,2027,0.1868
GLOBAL,PWRWOFMDVXX01,S4D3,2028,0.1868
GLOBAL,PWRWOFMDVXX01,S4D3,2029,0.1868
GLOBAL,PWRWOFMDVXX01,S4D3,2030,0.1868
GLOBAL,PWRWOFMDVXX01,S4D3,2031,0.1868
GLOBAL,PWRWOFMDVXX01,S4D3,2032,0.1868
GLOBAL,PWRWOFMDVXX01,S4D3,2033,0.1868
GLOBAL,PWRWOFMDVXX01,S4D3,2034,0.1868
GLOBAL,PWRWOFMDVXX01,S4D3,2035,0.1868
GLOBAL,PWRWOFMDVXX01,S4D3,2036,0.1868
GLOBAL,PWRWOFMDVXX01,S4D3,2037,0.1868
GLOBAL,PWRWOFMDVXX01,S4D3,2038,0.1868
GLOBAL,PWRWOFMDVXX01,S4D3,2039,0.1868
GLOBAL,PWRWOFMDVXX01,S4D3,2040,0.1868
GLOBAL,PWRWOFMDVXX01,S4D3,2041,0.1868
GLOBAL,PWRWOFMDVXX01,S4D3,2042,0.1868
GLOBAL,PWRWOFMDVXX01,S4D3,2043,0.1868
GLOBAL,PWRWOFMDVXX01,S4D3,2044,0.1868
GLOBAL,PWRWOFMDVXX01,S4D3,2045,0.1868
GLOBAL,PWRWOFMDVXX01,S4D3,2046,0.1868
GLOBAL,PWRWOFMDVXX01,S4D3,2047,0.1868
GLOBAL,PWRWOFMDVXX01,S4D3,2048,0.1868
GLOBAL,PWRWOFMDVXX01,S4D3,2049,0.1868
GLOBAL,PWRWOFMDVXX01,S4D3,2050,0.1868
